product_supplier_id,product_id,supplier_id,cost_price,lead_time_days,minimum_order_quantity,is_primary_supplier,last_order_date
11001,2001,10098,546.36,14,100,Yes,2023-12-19 22:09:00
11002,2002,10134,79.69,30,5,Yes,2023-09-21 22:06:00
11003,2003,10109,4.38,60,25,Yes,2023-02-08 12:40:00
11004,2004,10148,630.48,30,50,Yes,2023-05-08 17:35:00
11005,2004,10143,656.14,14,50,No,2024-08-21 10:04:00
11006,2005,10074,1187.94,45,50,Yes,2023-01-19 05:34:00
11007,2005,10132,872.5,60,25,No,2024-06-22 15:58:00
11008,2005,10135,1028.46,60,10,No,2024-04-07 16:07:00
11009,2006,10049,47.59,30,10,Yes,2024-02-20 15:28:00
11010,2006,10136,32.3,45,25,No,2024-02-18 03:27:00
11011,2006,10114,32.78,7,25,No,2023-01-08 15:53:00
11012,2007,10065,29.84,14,5,Yes,2024-03-08 16:23:00
11013,2007,10083,30.24,21,5,No,2024-04-21 07:18:00
11014,2008,10090,83.06,7,10,Yes,2023-02-26 20:58:00
11015,2009,10055,20.84,30,100,Yes,2023-10-13 16:44:00
11016,2009,10099,21.26,30,100,No,2023-09-04 23:01:00
11017,2010,10095,38.04,60,5,Yes,2023-02-27 00:21:00
11018,2011,10094,33.99,45,10,Yes,2024-05-31 04:51:00
11019,2011,10106,40.88,7,25,No,2024-01-01 06:20:00
11020,2012,10003,15.2,30,25,Yes,2023-10-17 09:51:00
11021,2013,10118,126.06,7,25,Yes,2023-04-28 14:52:00
11022,2014,10056,99.82,60,100,Yes,2024-08-04 19:53:00
11023,2014,10093,135.61,7,100,No,2024-09-13 10:57:00
11024,2015,10082,12.56,7,50,Yes,2023-08-29 22:50:00
11025,2015,10144,15.41,60,50,No,2023-02-04 17:02:00
11026,2015,10033,9.99,21,10,No,2023-06-25 09:56:00
11027,2016,10055,633.87,60,100,Yes,2023-04-08 04:20:00
11028,2017,10092,13.02,30,25,Yes,2024-05-20 20:22:00
11029,2017,10069,13.36,30,5,No,2024-07-23 12:43:00
11030,2017,10132,12.0,60,5,No,2023-09-19 20:05:00
11031,2018,10102,137.89,7,10,Yes,2023-08-17 14:18:00
11032,2018,10014,147.89,30,100,No,2023-05-09 12:57:00
11033,2019,10138,370.98,60,25,Yes,2024-05-15 19:14:00
11034,2019,10069,246.54,7,5,No,2023-12-23 23:09:00
11035,2020,10105,382.06,21,25,Yes,2024-07-10 12:57:00
11036,2021,10112,623.81,7,10,Yes,2024-10-19 12:10:00
11037,2022,10150,55.72,21,100,Yes,2023-02-02 10:48:00
11038,2022,10053,47.86,21,25,No,2024-05-06 10:21:00
11039,2023,10019,146.79,14,10,Yes,2024-06-28 16:07:00
11040,2024,10119,5.45,7,10,Yes,2023-08-22 21:19:00
11041,2025,10033,407.38,21,100,Yes,2023-08-19 22:28:00
11042,2026,10144,3.21,14,100,Yes,2024-11-16 11:19:00
11043,2027,10109,991.83,60,5,Yes,2023-05-01 22:52:00
11044,2028,10115,56.61,21,100,Yes,2024-09-13 18:31:00
11045,2028,10104,50.37,21,10,No,2023-11-24 07:25:00
11046,2029,10076,267.08,30,25,Yes,2024-12-01 23:44:00
11047,2029,10058,303.62,21,100,No,2023-07-20 00:04:00
11048,2029,10124,229.27,14,100,No,2023-08-19 05:13:00
11049,2030,10130,175.34,30,50,Yes,2023-04-13 10:14:00
11050,2031,10050,787.64,7,25,Yes,2023-09-28 06:18:00
11051,2032,10025,12.96,60,10,Yes,2023-05-07 12:50:00
11052,2032,10090,14.47,30,25,No,2024-07-19 21:37:00
11053,2033,10068,280.47,45,50,Yes,2024-08-24 10:13:00
11054,2033,10078,256.42,30,10,No,2024-08-22 23:09:00
11055,2034,10040,473.59,45,25,Yes,2023-04-24 09:35:00
11056,2034,10112,352.63,14,10,No,2024-01-24 18:25:00
11057,2035,10043,25.42,30,5,Yes,2023-12-11 01:56:00
11058,2036,10142,20.69,60,100,Yes,2024-04-15 04:32:00
11059,2037,10081,725.99,21,10,Yes,2023-12-03 14:51:00
11060,2037,10067,603.41,14,25,No,2024-02-26 15:23:00
11061,2038,10114,9.16,21,100,Yes,2024-12-07 01:53:00
11062,2038,10027,5.71,45,5,No,2024-07-01 08:48:00
11063,2039,10070,972.05,30,5,Yes,2024-01-03 00:54:00
11064,2040,10069,87.18,60,50,Yes,2024-07-30 21:17:00
11065,2041,10004,934.2,7,5,Yes,2024-01-07 07:42:00
11066,2041,10078,631.85,21,100,No,2023-02-04 10:46:00
11067,2042,10098,253.43,60,25,Yes,2024-04-09 18:42:00
11068,2043,10131,3.25,60,25,Yes,2023-04-27 13:27:00
11069,2044,10095,451.83,14,100,Yes,2023-10-02 22:11:00
11070,2045,10023,9.61,21,5,Yes,2024-01-19 00:40:00
11071,2045,10109,7.35,45,100,No,2023-02-11 04:28:00
11072,2046,10011,76.83,30,50,Yes,2024-03-12 12:32:00
11073,2046,10133,76.66,30,5,No,2023-01-27 06:04:00
11074,2047,10095,39.46,7,100,Yes,2023-11-21 18:01:00
11075,2047,10016,33.92,60,5,No,2023-12-10 09:56:00
11076,2048,10093,200.9,45,100,Yes,2023-05-16 12:41:00
11077,2049,10016,74.94,14,5,Yes,2024-04-25 10:46:00
11078,2049,10147,74.18,7,10,No,2023-02-19 15:00:00
11079,2050,10002,9.1,7,25,Yes,2023-11-08 19:10:00
11080,2050,10047,8.33,7,5,No,2024-02-19 03:17:00
11081,2051,10116,999.71,30,50,Yes,2024-07-13 04:09:00
11082,2051,10082,849.0,14,5,No,2023-06-02 01:28:00
11083,2051,10102,582.62,21,25,No,2024-12-14 20:08:00
11084,2052,10054,422.25,60,50,Yes,2023-10-03 06:41:00
11085,2052,10023,495.15,30,50,No,2024-09-20 03:55:00
11086,2053,10071,61.58,30,10,Yes,2024-01-27 18:57:00
11087,2054,10015,7.15,45,10,Yes,2024-05-10 19:41:00
11088,2055,10071,726.73,60,10,Yes,2023-06-18 08:27:00
11089,2056,10134,37.23,7,100,Yes,2023-09-10 15:23:00
11090,2057,10098,163.08,60,5,Yes,2023-07-30 16:54:00
11091,2058,10062,972.41,30,10,Yes,2023-12-22 10:46:00
11092,2058,10031,756.31,21,10,No,2024-09-21 14:20:00
11093,2059,10019,4.14,21,5,Yes,2024-10-17 05:10:00
11094,2059,10083,3.55,14,5,No,2023-12-18 22:13:00
11095,2059,10134,4.28,14,50,No,2024-01-16 03:05:00
11096,2060,10106,19.4,21,10,Yes,2024-06-25 09:29:00
11097,2061,10061,70.73,30,10,Yes,2024-05-28 14:29:00
11098,2061,10019,79.75,7,50,No,2023-05-09 09:31:00
11099,2062,10069,5.38,45,100,Yes,2024-11-27 10:10:00
11100,2063,10043,116.3,45,10,Yes,2023-05-03 13:04:00
11101,2064,10006,14.51,60,25,Yes,2024-09-08 11:44:00
11102,2065,10073,480.06,21,100,Yes,2024-05-29 23:36:00
11103,2066,10026,447.55,60,100,Yes,2024-01-23 00:24:00
11104,2066,10037,563.04,60,25,No,2023-08-27 15:28:00
11105,2067,10143,73.08,60,25,Yes,2023-03-29 20:58:00
11106,2068,10069,93.37,7,10,Yes,2024-11-15 05:12:00
11107,2069,10047,307.49,7,50,Yes,2023-01-18 03:57:00
11108,2069,10007,389.0,21,100,No,2024-08-16 04:43:00
11109,2070,10060,729.53,60,100,Yes,2023-02-09 01:11:00
11110,2071,10120,18.66,14,25,Yes,2024-06-12 20:15:00
11111,2071,10132,20.34,14,50,No,2024-11-03 08:32:00
11112,2071,10055,20.56,60,5,No,2023-12-03 09:54:00
11113,2072,10009,407.83,60,100,Yes,2023-11-14 14:35:00
11114,2073,10031,337.99,7,5,Yes,2024-10-14 17:55:00
11115,2073,10124,333.66,30,25,No,2024-07-22 03:17:00
11116,2074,10132,959.37,7,5,Yes,2024-10-07 07:01:00
11117,2075,10075,589.68,7,10,Yes,2024-01-08 01:12:00
11118,2075,10131,987.58,45,5,No,2023-04-30 21:05:00
11119,2076,10122,424.45,45,50,Yes,2023-07-11 07:58:00
11120,2077,10109,107.85,7,10,Yes,2023-06-23 08:59:00
11121,2077,10124,152.96,30,50,No,2024-05-04 17:11:00
11122,2077,10103,101.2,30,50,No,2023-05-09 04:18:00
11123,2078,10038,80.62,60,100,Yes,2024-11-28 01:10:00
11124,2079,10006,429.28,30,25,Yes,2023-10-18 17:29:00
11125,2079,10103,478.75,60,10,No,2024-02-03 02:24:00
11126,2079,10053,312.51,30,25,No,2024-06-12 15:55:00
11127,2080,10083,12.88,21,10,Yes,2024-03-16 07:22:00
11128,2081,10017,35.95,7,5,Yes,2023-12-25 13:25:00
11129,2081,10020,41.65,7,25,No,2024-05-06 01:05:00
11130,2081,10078,51.17,60,10,No,2023-06-21 16:22:00
11131,2082,10038,162.07,14,100,Yes,2023-07-23 05:37:00
11132,2083,10144,39.26,60,100,Yes,2024-09-11 03:00:00
11133,2084,10010,4.8,60,25,Yes,2024-02-15 02:06:00
11134,2084,10007,5.94,60,100,No,2024-01-04 21:45:00
11135,2084,10040,5.84,30,10,No,2024-02-18 10:35:00
11136,2085,10066,150.03,30,25,Yes,2023-08-31 05:19:00
11137,2086,10099,8.28,7,25,Yes,2024-09-07 20:53:00
11138,2087,10045,152.37,21,5,Yes,2023-11-27 06:12:00
11139,2087,10078,179.65,14,50,No,2023-05-07 06:36:00
11140,2087,10077,154.47,14,10,No,2023-01-12 10:39:00
11141,2088,10121,6.11,7,50,Yes,2023-06-02 13:41:00
11142,2089,10100,738.23,60,100,Yes,2023-09-19 01:45:00
11143,2090,10057,11.45,14,25,Yes,2023-07-02 03:40:00
11144,2090,10088,7.16,14,25,No,2023-06-07 14:05:00
11145,2091,10060,165.01,45,5,Yes,2023-11-02 05:26:00
11146,2092,10105,956.46,60,50,Yes,2023-04-09 22:38:00
11147,2093,10141,29.89,45,25,Yes,2024-08-26 03:47:00
11148,2094,10059,116.99,21,100,Yes,2023-02-22 08:51:00
11149,2095,10077,73.23,45,5,Yes,2023-10-31 06:27:00
11150,2095,10122,94.27,7,5,No,2024-05-25 03:33:00
11151,2095,10009,83.43,45,25,No,2023-10-03 20:47:00
11152,2096,10059,47.04,14,10,Yes,2023-08-10 12:20:00
11153,2096,10045,34.76,60,5,No,2024-06-07 17:55:00
11154,2096,10051,29.76,14,100,No,2024-03-07 16:17:00
11155,2097,10041,550.98,60,10,Yes,2024-10-09 05:02:00
11156,2097,10021,518.92,60,10,No,2024-10-25 16:39:00
11157,2098,10143,70.62,30,25,Yes,2023-06-30 02:19:00
11158,2099,10025,45.55,30,50,Yes,2023-09-22 03:24:00
11159,2100,10071,11.92,7,100,Yes,2023-02-23 02:48:00
11160,2101,10014,385.16,14,10,Yes,2024-07-27 22:13:00
11161,2102,10070,85.77,14,5,Yes,2024-06-15 05:33:00
11162,2102,10054,75.58,21,10,No,2024-03-19 00:57:00
11163,2102,10021,77.06,7,25,No,2023-02-09 01:29:00
11164,2103,10073,43.84,45,50,Yes,2023-05-29 14:48:00
11165,2103,10080,37.77,14,50,No,2023-08-01 23:47:00
11166,2104,10143,45.38,7,100,Yes,2024-02-29 17:52:00
11167,2105,10100,9.85,7,5,Yes,2023-11-12 13:18:00
11168,2105,10144,10.63,7,5,No,2023-05-12 02:22:00
11169,2106,10150,39.63,45,5,Yes,2024-03-18 12:08:00
11170,2106,10147,38.11,7,50,No,2024-11-17 09:08:00
11171,2107,10104,998.75,21,25,Yes,2024-11-21 17:05:00
11172,2107,10049,947.3,7,5,No,2023-05-05 16:15:00
11173,2108,10091,277.31,14,50,Yes,2024-10-27 12:33:00
11174,2108,10090,289.33,7,100,No,2024-04-17 11:47:00
11175,2109,10033,103.07,21,25,Yes,2024-11-26 19:56:00
11176,2109,10096,83.64,7,5,No,2024-02-19 10:10:00
11177,2110,10078,155.87,21,50,Yes,2023-08-23 10:58:00
11178,2110,10042,211.59,45,25,No,2023-04-22 14:23:00
11179,2111,10137,762.22,45,25,Yes,2024-10-08 23:26:00
11180,2112,10049,5.84,7,100,Yes,2023-12-10 16:03:00
11181,2113,10098,36.31,7,100,Yes,2023-01-09 10:15:00
11182,2114,10121,39.78,45,5,Yes,2023-12-22 03:05:00
11183,2115,10111,94.31,60,5,Yes,2023-11-01 07:01:00
11184,2115,10094,86.64,7,5,No,2023-04-27 00:48:00
11185,2116,10009,630.43,7,100,Yes,2023-01-28 19:10:00
11186,2117,10008,117.24,45,10,Yes,2024-07-13 15:19:00
11187,2118,10061,716.62,14,50,Yes,2024-08-14 23:06:00
11188,2119,10119,488.18,60,50,Yes,2024-12-12 14:35:00
11189,2119,10124,422.16,60,25,No,2024-11-14 00:23:00
11190,2120,10044,100.94,30,10,Yes,2024-12-27 14:55:00
11191,2121,10088,31.89,30,10,Yes,2023-09-08 10:47:00
11192,2121,10047,50.05,60,5,No,2023-05-30 15:48:00
11193,2122,10034,5.29,60,25,Yes,2023-03-03 05:14:00
11194,2122,10092,5.35,7,50,No,2023-11-21 05:50:00
11195,2123,10041,24.3,7,5,Yes,2024-08-18 02:37:00
11196,2123,10093,24.72,45,50,No,2024-11-26 16:11:00
11197,2124,10049,105.08,21,50,Yes,2024-07-02 09:52:00
11198,2125,10138,36.51,60,5,Yes,2023-06-01 11:11:00
11199,2126,10047,388.43,14,100,Yes,2023-11-13 06:48:00
11200,2127,10124,98.7,45,25,Yes,2024-07-10 12:32:00
11201,2127,10131,140.41,21,10,No,2023-12-04 17:01:00
11202,2128,10081,192.56,45,5,Yes,2023-05-23 14:26:00
11203,2129,10094,4.55,30,25,Yes,2024-01-21 08:49:00
11204,2130,10093,47.41,60,10,Yes,2023-02-25 02:28:00
11205,2131,10070,10.84,21,25,Yes,2023-10-02 12:23:00
11206,2132,10075,29.71,45,10,Yes,2024-08-06 07:21:00
11207,2132,10029,29.61,45,50,No,2023-03-16 07:04:00
11208,2133,10062,541.21,14,25,Yes,2023-09-06 19:51:00
11209,2134,10105,23.86,21,100,Yes,2023-01-12 18:51:00
11210,2134,10003,23.71,30,25,No,2023-08-15 21:23:00
11211,2135,10076,13.11,45,50,Yes,2023-09-05 15:36:00
11212,2135,10009,18.95,60,25,No,2024-10-13 10:34:00
11213,2136,10044,48.75,45,5,Yes,2023-04-10 21:26:00
11214,2136,10147,44.09,60,25,No,2024-09-16 13:40:00
11215,2136,10040,42.09,45,5,No,2023-10-30 01:40:00
11216,2137,10068,44.57,7,100,Yes,2023-03-02 08:14:00
11217,2137,10023,45.28,14,50,No,2024-05-17 22:09:00
11218,2138,10037,156.36,14,5,Yes,2023-05-12 14:37:00
11219,2138,10069,109.81,30,50,No,2023-11-24 16:23:00
11220,2139,10054,163.24,7,100,Yes,2024-04-05 16:53:00
11221,2139,10108,168.88,14,10,No,2023-03-23 08:30:00
11222,2140,10138,3.19,45,25,Yes,2023-04-06 17:11:00
11223,2141,10004,35.42,7,25,Yes,2024-11-16 21:04:00
11224,2142,10068,29.08,60,10,Yes,2024-06-26 03:29:00
11225,2142,10071,30.29,30,10,No,2023-10-31 00:48:00
11226,2142,10089,20.6,30,5,No,2023-10-03 11:53:00
11227,2143,10114,69.98,14,50,Yes,2023-05-19 14:08:00
11228,2143,10097,74.56,60,50,No,2024-07-12 06:21:00
11229,2144,10113,97.11,21,100,Yes,2024-09-19 22:28:00
11230,2145,10001,75.82,45,25,Yes,2023-01-06 00:32:00
11231,2145,10132,109.63,60,50,No,2023-08-04 21:04:00
11232,2145,10144,97.0,7,25,No,2023-08-18 10:58:00
11233,2146,10074,22.79,21,10,Yes,2024-11-07 02:20:00
11234,2146,10121,15.24,14,100,No,2024-05-07 08:16:00
11235,2146,10075,20.91,14,50,No,2024-04-07 06:49:00
11236,2147,10057,895.17,21,10,Yes,2023-03-21 17:06:00
11237,2147,10028,716.75,45,10,No,2023-09-07 20:01:00
11238,2148,10101,279.01,30,5,Yes,2023-11-28 07:20:00
11239,2148,10127,184.06,21,50,No,2024-09-02 08:08:00
11240,2149,10076,8.38,30,10,Yes,2024-08-03 07:56:00
11241,2150,10082,36.57,60,50,Yes,2023-05-27 23:25:00
11242,2150,10053,47.67,7,100,No,2024-10-15 07:50:00
11243,2151,10097,11.13,60,25,Yes,2024-01-07 17:18:00
11244,2152,10001,447.39,45,100,Yes,2023-10-17 12:30:00
11245,2152,10119,282.94,60,25,No,2023-12-23 12:49:00
11246,2153,10136,980.72,21,10,Yes,2024-03-02 18:59:00
11247,2153,10119,1022.77,45,10,No,2023-03-04 10:37:00
11248,2154,10012,883.06,14,5,Yes,2024-06-07 01:04:00
11249,2154,10005,940.68,60,100,No,2024-10-23 20:32:00
11250,2154,10021,694.05,21,25,No,2024-09-11 02:31:00
11251,2155,10029,4.11,21,50,Yes,2024-05-25 14:33:00
11252,2156,10092,37.82,21,100,Yes,2024-07-02 08:08:00
11253,2156,10040,21.5,7,25,No,2024-05-11 23:53:00
11254,2156,10105,37.02,7,5,No,2024-04-22 11:34:00
11255,2157,10105,79.16,7,100,Yes,2024-11-29 20:02:00
11256,2157,10015,101.01,21,100,No,2023-06-20 06:50:00
11257,2157,10048,79.7,7,100,No,2023-04-10 21:27:00
11258,2158,10057,115.08,21,10,Yes,2023-08-23 20:29:00
11259,2158,10118,84.73,30,50,No,2024-01-13 01:25:00
11260,2159,10067,921.75,45,5,Yes,2024-02-05 19:11:00
11261,2159,10034,1172.32,7,100,No,2024-12-31 01:10:00
11262,2159,10133,815.14,45,10,No,2024-02-13 21:23:00
11263,2160,10085,30.97,14,10,Yes,2023-05-04 21:15:00
11264,2160,10007,30.72,7,100,No,2024-11-11 11:11:00
11265,2161,10040,19.33,30,5,Yes,2024-12-10 01:54:00
11266,2162,10102,72.54,21,5,Yes,2024-12-08 20:30:00
11267,2163,10106,826.72,60,50,Yes,2024-03-23 12:27:00
11268,2164,10094,398.72,30,10,Yes,2023-09-13 11:48:00
11269,2165,10083,131.71,30,10,Yes,2024-09-24 13:26:00
11270,2166,10047,208.72,45,25,Yes,2023-12-21 10:27:00
11271,2167,10041,92.07,30,5,Yes,2023-03-28 23:56:00
11272,2167,10099,155.27,60,50,No,2023-11-16 04:11:00
11273,2168,10051,174.09,14,5,Yes,2024-10-26 01:48:00
11274,2169,10039,39.39,30,100,Yes,2024-05-11 18:24:00
11275,2169,10075,26.94,45,5,No,2024-10-15 20:43:00
11276,2169,10128,46.0,45,100,No,2023-04-15 21:40:00
11277,2170,10109,10.8,14,100,Yes,2023-06-16 20:54:00
11278,2170,10143,9.66,14,5,No,2023-10-17 21:06:00
11279,2171,10133,41.58,21,50,Yes,2024-03-24 08:24:00
11280,2171,10130,38.62,45,100,No,2023-04-05 18:30:00
11281,2172,10140,2.81,30,5,Yes,2023-11-04 01:31:00
11282,2172,10063,3.3,21,100,No,2024-03-13 05:09:00
11283,2173,10125,52.21,7,50,Yes,2024-11-21 08:14:00
11284,2173,10003,38.09,45,25,No,2024-01-07 12:41:00
11285,2173,10110,40.65,60,5,No,2024-11-11 11:54:00
11286,2174,10128,132.05,7,25,Yes,2023-10-12 08:04:00
11287,2175,10021,383.35,14,100,Yes,2024-01-02 19:15:00
11288,2175,10038,330.9,60,25,No,2024-03-15 06:09:00
11289,2176,10032,141.61,7,50,Yes,2023-06-04 08:39:00
11290,2176,10011,189.57,30,50,No,2024-06-24 13:47:00
11291,2177,10095,13.89,7,100,Yes,2024-05-27 03:05:00
11292,2178,10078,607.82,14,100,Yes,2024-02-01 23:33:00
11293,2178,10058,557.89,30,5,No,2023-03-08 20:45:00
11294,2179,10057,40.28,45,100,Yes,2024-12-31 15:23:00
11295,2180,10066,82.97,30,25,Yes,2023-06-23 04:50:00
11296,2180,10099,67.76,7,5,No,2024-09-12 06:13:00
11297,2181,10015,6.9,21,10,Yes,2023-03-10 11:33:00
11298,2182,10096,52.88,14,50,Yes,2023-07-29 07:26:00
11299,2183,10006,1271.56,21,50,Yes,2023-02-12 15:18:00
11300,2183,10112,1232.14,45,50,No,2023-06-21 05:04:00
11301,2183,10021,1154.11,60,5,No,2024-01-26 11:09:00
11302,2184,10053,824.19,7,5,Yes,2023-01-06 10:04:00
11303,2184,10075,676.38,60,100,No,2024-06-27 01:27:00
11304,2184,10103,1033.64,21,10,No,2023-02-15 15:38:00
11305,2185,10102,197.78,30,5,Yes,2024-05-30 19:38:00
11306,2186,10131,219.65,30,100,Yes,2023-01-23 23:25:00
11307,2186,10127,281.95,45,100,No,2023-04-12 22:55:00
11308,2187,10048,28.32,60,100,Yes,2024-11-19 21:02:00
11309,2188,10086,198.64,7,5,Yes,2024-09-22 08:09:00
11310,2189,10048,167.95,14,50,Yes,2023-08-02 15:11:00
11311,2189,10131,178.66,14,100,No,2024-12-27 18:42:00
11312,2190,10110,97.55,7,100,Yes,2023-03-09 20:34:00
11313,2190,10021,106.13,7,5,No,2023-06-04 10:00:00
11314,2191,10144,891.66,7,25,Yes,2024-07-01 02:23:00
11315,2191,10044,715.6,60,25,No,2023-08-21 22:00:00
11316,2192,10084,37.62,45,10,Yes,2024-08-19 17:06:00
11317,2193,10076,20.38,60,100,Yes,2024-01-22 13:26:00
11318,2193,10037,18.8,60,50,No,2023-06-29 01:45:00
11319,2194,10105,207.26,7,25,Yes,2023-01-20 00:37:00
11320,2194,10012,258.58,45,5,No,2024-01-19 13:24:00
11321,2195,10066,27.69,14,10,Yes,2024-07-20 20:12:00
11322,2196,10120,176.41,45,100,Yes,2023-07-25 15:46:00
11323,2197,10040,98.0,60,50,Yes,2024-12-08 20:42:00
11324,2197,10085,75.93,21,25,No,2024-12-25 01:41:00
11325,2198,10002,254.97,45,100,Yes,2023-08-25 04:43:00
11326,2199,10001,113.33,45,10,Yes,2024-02-19 04:17:00
11327,2199,10117,129.3,60,10,No,2024-02-23 07:00:00
11328,2200,10087,9.89,45,50,Yes,2023-11-03 09:51:00
11329,2200,10147,7.67,14,25,No,2024-02-17 11:49:00
11330,2201,10046,705.33,30,100,Yes,2024-07-07 20:23:00
11331,2202,10106,734.69,21,100,Yes,2024-09-25 15:14:00
11332,2203,10067,129.81,7,100,Yes,2024-07-30 02:11:00
11333,2203,10062,121.93,7,5,No,2024-05-16 18:38:00
11334,2204,10130,409.08,45,5,Yes,2023-09-10 09:29:00
11335,2204,10081,371.94,30,50,No,2024-10-03 23:16:00
11336,2204,10019,290.97,14,5,No,2024-01-22 18:25:00
11337,2205,10048,1219.02,7,5,Yes,2024-06-30 11:24:00
11338,2206,10150,19.69,14,25,Yes,2023-07-28 19:27:00
11339,2207,10141,4.69,60,100,Yes,2023-06-28 03:00:00
11340,2207,10028,6.28,45,100,No,2023-06-13 10:57:00
11341,2208,10012,7.17,14,10,Yes,2023-02-09 22:58:00
11342,2208,10074,7.06,7,50,No,2024-08-20 18:16:00
11343,2209,10128,1031.33,21,100,Yes,2024-01-11 01:47:00
11344,2210,10024,205.5,30,50,Yes,2024-12-03 18:10:00
11345,2210,10041,224.69,21,50,No,2023-04-08 16:32:00
11346,2210,10088,196.93,21,10,No,2023-09-06 06:41:00
11347,2211,10096,17.43,30,10,Yes,2024-06-02 19:40:00
11348,2211,10037,26.51,21,25,No,2023-11-25 00:29:00
11349,2212,10120,27.15,60,25,Yes,2023-10-19 20:27:00
11350,2213,10060,19.48,14,10,Yes,2023-12-23 17:36:00
11351,2213,10094,20.04,45,5,No,2024-03-17 00:56:00
11352,2213,10142,14.67,14,50,No,2024-02-12 07:46:00
11353,2214,10139,447.39,21,10,Yes,2023-11-06 01:14:00
11354,2214,10017,468.88,21,100,No,2023-02-11 05:47:00
11355,2214,10094,529.45,21,5,No,2023-02-19 08:18:00
11356,2215,10141,259.94,60,25,Yes,2024-03-02 15:36:00
11357,2216,10053,231.53,14,50,Yes,2024-08-11 14:53:00
11358,2217,10106,36.89,45,25,Yes,2023-01-14 18:07:00
11359,2217,10068,43.2,21,50,No,2023-08-25 18:36:00
11360,2218,10034,37.3,45,5,Yes,2023-02-15 06:24:00
11361,2218,10118,40.9,14,25,No,2024-06-21 17:08:00
11362,2219,10110,31.8,30,50,Yes,2023-11-26 07:11:00
11363,2220,10004,24.39,60,100,Yes,2024-06-23 04:29:00
11364,2221,10134,14.01,14,10,Yes,2024-09-20 08:30:00
11365,2222,10069,231.47,60,25,Yes,2023-02-24 03:35:00
11366,2222,10083,213.42,21,100,No,2024-12-24 08:19:00
11367,2223,10075,8.13,21,50,Yes,2023-01-29 11:11:00
11368,2223,10056,9.86,7,10,No,2023-08-01 12:43:00
11369,2224,10036,413.79,21,5,Yes,2023-12-08 18:07:00
11370,2225,10024,86.61,60,100,Yes,2023-10-26 13:06:00
11371,2225,10036,101.95,30,25,No,2023-06-23 08:24:00
11372,2225,10144,59.48,30,50,No,2023-03-21 12:16:00
11373,2226,10012,200.84,60,50,Yes,2024-09-24 14:07:00
11374,2227,10050,12.73,14,5,Yes,2023-11-01 08:23:00
11375,2228,10126,4.34,30,10,Yes,2023-09-20 08:25:00
11376,2228,10004,3.8,21,50,No,2023-11-20 17:58:00
11377,2228,10080,5.69,7,10,No,2024-01-22 12:28:00
11378,2229,10081,178.16,30,50,Yes,2024-02-29 20:45:00
11379,2229,10101,102.57,14,10,No,2023-12-13 04:20:00
11380,2230,10012,15.83,21,100,Yes,2023-03-09 20:16:00
11381,2231,10094,14.94,60,25,Yes,2024-10-18 20:38:00
11382,2231,10039,13.91,30,10,No,2023-09-08 15:14:00
11383,2232,10146,3.39,30,25,Yes,2023-03-03 00:06:00
11384,2232,10124,3.71,45,50,No,2024-09-14 20:27:00
11385,2233,10050,53.03,45,100,Yes,2024-12-01 17:27:00
11386,2233,10056,35.32,45,10,No,2024-03-27 20:18:00
11387,2234,10053,27.1,30,50,Yes,2023-02-04 21:45:00
11388,2235,10027,11.05,14,50,Yes,2024-09-17 18:38:00
11389,2235,10090,18.46,21,5,No,2023-11-17 08:34:00
11390,2235,10097,15.69,7,25,No,2023-09-21 20:32:00
11391,2236,10053,5.11,60,100,Yes,2023-10-24 14:45:00
11392,2237,10132,118.14,7,10,Yes,2023-07-10 10:43:00
11393,2238,10125,1039.6,30,5,Yes,2023-05-09 20:53:00
11394,2238,10087,978.63,21,100,No,2023-05-09 21:00:00
11395,2239,10089,59.52,45,5,Yes,2024-06-29 21:37:00
11396,2240,10001,488.6,30,25,Yes,2024-10-01 15:23:00
11397,2240,10018,564.82,7,10,No,2024-01-09 04:18:00
11398,2241,10128,43.01,14,25,Yes,2023-04-27 08:13:00
11399,2241,10123,38.63,21,5,No,2024-07-04 18:43:00
11400,2242,10101,146.17,14,100,Yes,2024-08-21 16:27:00
11401,2242,10073,88.44,45,5,No,2024-10-07 16:59:00
11402,2243,10150,46.62,21,10,Yes,2024-02-14 17:51:00
11403,2243,10113,45.37,60,5,No,2023-09-26 06:42:00
11404,2243,10071,45.33,45,100,No,2024-04-27 23:07:00
11405,2244,10024,665.13,21,25,Yes,2024-10-04 13:36:00
11406,2245,10149,3.68,7,10,Yes,2023-02-19 04:48:00
11407,2245,10070,3.5,60,100,No,2024-11-27 00:44:00
11408,2245,10036,3.78,14,100,No,2024-04-20 09:23:00
11409,2246,10067,42.88,30,5,Yes,2023-09-24 17:55:00
11410,2246,10071,51.01,30,25,No,2023-07-05 20:08:00
11411,2247,10036,672.14,14,50,Yes,2023-08-22 11:43:00
11412,2248,10044,247.48,45,100,Yes,2024-12-19 17:02:00
11413,2249,10050,684.87,7,50,Yes,2023-05-14 07:23:00
11414,2250,10055,628.01,7,100,Yes,2024-08-15 11:46:00
11415,2251,10072,94.86,14,25,Yes,2024-10-14 01:38:00
11416,2251,10008,93.74,7,5,No,2023-06-16 16:14:00
11417,2251,10099,97.62,21,5,No,2023-03-02 10:09:00
11418,2252,10090,51.87,7,50,Yes,2023-08-31 18:26:00
11419,2252,10060,39.17,21,5,No,2024-07-22 11:39:00
11420,2253,10075,19.79,45,25,Yes,2023-09-14 00:39:00
11421,2253,10011,22.29,45,25,No,2023-06-30 14:55:00
11422,2254,10054,717.01,45,100,Yes,2024-05-23 19:22:00
11423,2255,10114,35.13,21,10,Yes,2024-09-24 08:34:00
11424,2256,10038,6.28,21,10,Yes,2024-07-23 09:15:00
11425,2257,10040,941.6,60,100,Yes,2024-05-23 10:32:00
11426,2258,10063,252.58,45,5,Yes,2024-07-10 05:54:00
11427,2258,10106,245.8,45,5,No,2023-09-05 09:53:00
11428,2259,10005,48.92,7,10,Yes,2024-03-29 20:13:00
11429,2259,10097,53.92,45,100,No,2024-01-01 09:45:00
11430,2259,10138,54.58,60,50,No,2024-03-17 07:10:00
11431,2260,10137,17.46,21,50,Yes,2024-10-08 19:16:00
11432,2260,10033,14.93,21,10,No,2024-08-16 18:37:00
11433,2261,10087,9.16,21,50,Yes,2023-07-10 07:55:00
11434,2261,10036,6.29,7,50,No,2024-12-01 08:32:00
11435,2261,10123,7.28,14,50,No,2024-07-14 10:50:00
11436,2262,10137,868.53,21,10,Yes,2024-03-17 16:36:00
11437,2262,10063,940.04,30,100,No,2023-09-07 23:00:00
11438,2263,10027,45.75,14,5,Yes,2024-05-01 07:16:00
11439,2264,10027,186.86,30,10,Yes,2023-06-26 19:41:00
11440,2264,10066,209.35,30,5,No,2024-04-03 03:53:00
11441,2264,10055,248.83,21,25,No,2023-11-01 18:20:00
11442,2265,10029,918.33,45,50,Yes,2024-11-30 11:36:00
11443,2265,10146,1129.86,60,50,No,2024-07-27 08:53:00
11444,2266,10011,77.69,21,5,Yes,2024-02-11 09:43:00
11445,2266,10092,96.99,21,50,No,2024-09-07 21:57:00
11446,2266,10096,83.35,45,5,No,2024-04-26 06:41:00
11447,2267,10034,219.14,30,50,Yes,2023-07-17 14:04:00
11448,2267,10150,130.06,14,100,No,2023-11-15 00:20:00
11449,2268,10112,180.96,30,10,Yes,2024-11-27 06:56:00
11450,2268,10054,162.46,30,100,No,2024-01-26 15:36:00
11451,2269,10094,212.16,30,5,Yes,2023-05-05 17:48:00
11452,2269,10096,234.73,14,100,No,2024-12-22 14:34:00
11453,2270,10084,474.55,45,100,Yes,2023-05-12 10:17:00
11454,2271,10060,81.61,30,100,Yes,2023-09-06 04:22:00
11455,2271,10117,126.81,60,25,No,2023-07-25 12:14:00
11456,2272,10119,261.42,60,10,Yes,2024-02-01 05:29:00
11457,2273,10130,22.67,45,25,Yes,2023-09-06 21:35:00
11458,2273,10084,23.13,60,5,No,2024-07-04 05:18:00
11459,2273,10081,25.67,21,10,No,2023-03-08 21:16:00
11460,2274,10122,1058.98,45,100,Yes,2023-05-17 10:29:00
11461,2274,10093,842.35,45,10,No,2024-03-06 23:18:00
11462,2274,10126,789.66,14,5,No,2023-01-08 20:21:00
11463,2275,10061,64.39,30,5,Yes,2023-01-31 19:02:00
11464,2276,10033,725.09,45,5,Yes,2024-05-19 02:04:00
11465,2276,10086,965.18,30,5,No,2024-07-11 08:47:00
11466,2277,10108,47.97,7,25,Yes,2024-05-21 18:54:00
11467,2277,10105,45.9,60,50,No,2023-12-13 22:45:00
11468,2278,10120,10.58,30,50,Yes,2024-07-07 14:59:00
11469,2278,10033,9.63,21,10,No,2024-02-17 05:36:00
11470,2279,10041,35.23,7,10,Yes,2024-03-23 05:17:00
11471,2279,10029,34.06,21,100,No,2024-09-07 23:24:00
11472,2280,10123,35.43,60,100,Yes,2024-05-11 16:15:00
11473,2281,10047,1006.6,30,50,Yes,2024-02-14 15:56:00
11474,2282,10088,170.89,60,10,Yes,2023-02-27 10:10:00
11475,2283,10147,430.54,30,25,Yes,2024-09-03 23:05:00
11476,2284,10068,21.95,45,100,Yes,2023-12-12 10:25:00
11477,2284,10076,17.59,7,100,No,2024-11-12 21:05:00
11478,2284,10083,23.7,30,5,No,2023-04-14 23:54:00
11479,2285,10056,41.38,60,50,Yes,2023-08-16 03:20:00
11480,2285,10127,68.34,14,5,No,2024-11-12 17:38:00
11481,2285,10123,50.84,7,100,No,2023-03-25 14:08:00
11482,2286,10043,703.16,7,5,Yes,2024-09-23 11:08:00
11483,2286,10082,942.95,21,100,No,2023-01-23 01:14:00
11484,2286,10093,596.19,14,100,No,2023-11-14 07:58:00
11485,2287,10068,335.65,14,25,Yes,2023-01-24 23:49:00
11486,2288,10076,965.84,14,10,Yes,2023-05-20 18:15:00
11487,2288,10024,934.15,21,100,No,2023-06-01 06:31:00
11488,2289,10007,40.15,21,100,Yes,2023-01-04 13:53:00
11489,2290,10143,697.32,30,10,Yes,2024-12-06 16:18:00
11490,2290,10020,545.12,14,25,No,2024-07-26 01:25:00
11491,2291,10004,237.85,45,50,Yes,2024-02-18 03:17:00
11492,2291,10001,284.17,45,50,No,2023-04-01 19:04:00
11493,2291,10129,186.48,60,5,No,2023-05-23 11:06:00
11494,2292,10114,189.34,45,50,Yes,2024-11-03 17:20:00
11495,2292,10012,295.75,45,25,No,2024-11-24 08:33:00
11496,2292,10046,245.42,45,10,No,2023-02-04 05:41:00
11497,2293,10051,28.17,7,10,Yes,2023-03-08 08:37:00
11498,2294,10137,286.85,60,5,Yes,2024-03-05 03:43:00
11499,2295,10007,2.0,45,50,Yes,2024-02-10 14:53:00
11500,2296,10031,734.92,21,5,Yes,2023-02-23 23:53:00
11501,2297,10102,4.66,21,25,Yes,2024-04-26 09:30:00
11502,2297,10062,4.02,60,10,No,2023-12-15 23:38:00
11503,2297,10039,6.12,21,5,No,2023-07-27 02:26:00
11504,2298,10060,340.88,60,100,Yes,2024-12-12 05:46:00
11505,2298,10011,273.27,30,100,No,2024-05-26 00:27:00
11506,2299,10027,8.47,7,50,Yes,2023-09-11 07:15:00
11507,2300,10038,784.36,45,10,Yes,2023-12-18 07:09:00
11508,2301,10146,11.87,7,10,Yes,2024-07-19 10:43:00
11509,2301,10030,10.87,7,50,No,2024-11-18 02:50:00
11510,2302,10058,44.09,14,5,Yes,2024-03-07 06:43:00
11511,2302,10037,61.17,45,10,No,2023-01-09 09:44:00
11512,2302,10148,55.38,45,50,No,2024-04-28 19:38:00
11513,2303,10074,41.47,60,50,Yes,2023-01-14 02:36:00
11514,2303,10025,60.75,7,100,No,2023-10-21 03:50:00
11515,2304,10084,3.1,45,10,Yes,2024-01-01 12:31:00
11516,2304,10020,4.81,30,10,No,2023-06-13 07:08:00
11517,2305,10031,360.16,60,100,Yes,2023-02-21 06:33:00
11518,2306,10095,23.43,7,100,Yes,2023-07-09 20:03:00
11519,2307,10042,105.77,14,100,Yes,2023-02-09 00:03:00
11520,2308,10031,17.32,14,5,Yes,2024-07-14 14:31:00
11521,2308,10054,12.71,30,25,No,2024-03-30 11:41:00
11522,2308,10128,12.72,7,5,No,2023-08-01 05:51:00
11523,2309,10129,484.38,21,25,Yes,2024-11-10 14:55:00
11524,2310,10011,176.65,21,100,Yes,2023-08-19 00:58:00
11525,2311,10016,25.49,30,5,Yes,2023-10-03 05:42:00
11526,2311,10104,20.1,7,5,No,2023-09-27 03:11:00
11527,2311,10093,27.08,14,10,No,2024-09-09 12:37:00
11528,2312,10012,6.11,14,25,Yes,2024-03-23 05:30:00
11529,2312,10066,3.91,21,50,No,2023-01-28 21:28:00
11530,2313,10061,775.49,60,5,Yes,2023-02-19 08:15:00
11531,2314,10033,520.34,7,25,Yes,2023-02-14 01:35:00
11532,2314,10122,729.66,7,100,No,2023-10-18 23:14:00
11533,2315,10071,599.97,14,25,Yes,2023-11-16 04:42:00
11534,2316,10132,18.7,60,100,Yes,2023-10-23 10:21:00
11535,2317,10145,27.39,30,10,Yes,2024-02-25 17:51:00
11536,2317,10123,38.5,60,25,No,2023-12-02 14:06:00
11537,2317,10125,23.56,60,100,No,2023-01-20 18:24:00
11538,2318,10068,39.49,21,100,Yes,2024-09-11 22:19:00
11539,2319,10052,6.01,14,5,Yes,2024-03-29 05:10:00
11540,2320,10090,3.76,21,25,Yes,2024-12-22 09:02:00
11541,2320,10106,3.57,14,5,No,2024-12-10 17:04:00
11542,2320,10004,5.1,7,5,No,2023-06-05 20:30:00
11543,2321,10130,20.56,14,50,Yes,2023-08-08 18:12:00
11544,2321,10135,19.52,21,100,No,2023-08-11 07:02:00
11545,2321,10035,21.46,60,5,No,2024-11-08 18:06:00
11546,2322,10012,21.11,7,10,Yes,2023-07-18 07:02:00
11547,2323,10002,11.76,45,50,Yes,2023-07-13 09:28:00
11548,2324,10029,41.33,21,50,Yes,2024-12-11 00:41:00
11549,2325,10135,206.78,21,25,Yes,2023-01-23 20:30:00
11550,2326,10009,304.59,60,50,Yes,2024-08-15 14:11:00
11551,2327,10008,176.79,30,50,Yes,2023-04-10 17:26:00
11552,2327,10150,141.73,7,5,No,2024-02-05 20:23:00
11553,2327,10097,114.5,14,100,No,2023-11-10 06:59:00
11554,2328,10144,92.14,7,5,Yes,2023-05-07 19:30:00
11555,2329,10093,9.31,7,100,Yes,2024-07-31 23:42:00
11556,2329,10042,12.58,60,10,No,2023-01-15 09:48:00
11557,2330,10014,8.72,45,5,Yes,2023-03-16 17:09:00
11558,2330,10149,10.99,14,5,No,2023-02-21 15:29:00
11559,2330,10027,13.47,60,25,No,2024-10-15 04:51:00
11560,2331,10017,85.83,30,10,Yes,2024-04-18 05:28:00
11561,2331,10143,108.61,14,100,No,2023-08-25 21:58:00
11562,2332,10058,15.29,60,10,Yes,2023-10-30 02:41:00
11563,2332,10028,20.12,14,10,No,2023-05-12 01:58:00
11564,2332,10050,15.57,30,100,No,2023-01-13 15:11:00
11565,2333,10068,498.63,45,50,Yes,2024-03-14 05:03:00
11566,2334,10059,117.05,14,25,Yes,2024-10-30 16:10:00
11567,2335,10029,261.54,30,5,Yes,2024-07-14 02:10:00
11568,2335,10014,163.99,21,5,No,2023-01-08 07:56:00
11569,2335,10111,190.84,14,10,No,2023-10-10 07:49:00
11570,2336,10007,21.87,14,10,Yes,2023-05-06 04:19:00
11571,2337,10044,16.66,21,100,Yes,2024-05-28 01:33:00
11572,2338,10124,104.4,21,10,Yes,2024-04-01 04:53:00
11573,2339,10133,56.97,7,10,Yes,2023-10-08 04:14:00
11574,2339,10078,41.01,45,5,No,2023-11-16 20:15:00
11575,2339,10036,40.79,30,10,No,2024-10-21 02:14:00
11576,2340,10024,96.61,14,25,Yes,2023-03-18 20:11:00
11577,2341,10029,524.99,14,10,Yes,2023-04-07 16:44:00
11578,2342,10034,5.83,60,5,Yes,2023-01-28 05:20:00
11579,2343,10125,123.04,60,100,Yes,2024-10-22 16:26:00
11580,2343,10051,107.5,45,25,No,2023-07-20 11:16:00
11581,2343,10145,82.25,21,10,No,2023-06-22 01:05:00
11582,2344,10120,1035.05,60,25,Yes,2023-11-03 16:06:00
11583,2344,10103,687.25,21,25,No,2024-09-24 06:30:00
11584,2345,10061,241.64,60,50,Yes,2024-02-09 14:24:00
11585,2346,10004,792.85,21,100,Yes,2024-08-23 02:16:00
11586,2347,10102,103.87,45,5,Yes,2024-06-23 22:05:00
11587,2347,10110,101.81,45,10,No,2024-05-05 19:38:00
11588,2347,10077,72.75,14,5,No,2024-03-14 00:21:00
11589,2348,10127,45.46,45,100,Yes,2023-10-31 19:25:00
11590,2349,10090,80.87,14,25,Yes,2023-09-10 16:46:00
11591,2350,10017,771.26,30,25,Yes,2024-11-01 23:41:00
11592,2351,10020,117.13,45,5,Yes,2024-02-17 10:59:00
11593,2352,10062,3.8,45,50,Yes,2023-10-06 19:44:00
11594,2353,10003,47.4,14,50,Yes,2024-08-27 09:34:00
11595,2354,10055,66.94,21,50,Yes,2024-12-22 01:13:00
11596,2355,10008,55.22,45,50,Yes,2024-11-07 21:15:00
11597,2355,10054,52.92,7,10,No,2024-03-07 15:59:00
11598,2355,10020,44.76,60,25,No,2024-05-12 11:29:00
11599,2356,10048,33.44,7,50,Yes,2023-10-20 23:55:00
11600,2357,10004,5.07,7,10,Yes,2024-11-13 15:04:00
11601,2357,10047,6.06,60,25,No,2023-09-26 03:09:00
11602,2358,10147,27.61,14,100,Yes,2023-04-10 16:13:00
11603,2358,10049,29.4,60,50,No,2023-02-23 02:10:00
11604,2359,10043,112.72,7,100,Yes,2024-06-27 23:11:00
11605,2360,10104,9.09,14,50,Yes,2023-06-07 02:52:00
11606,2360,10125,14.16,45,5,No,2024-08-19 06:51:00
11607,2361,10118,322.31,21,10,Yes,2023-01-14 13:40:00
11608,2361,10086,504.43,7,100,No,2023-08-08 14:58:00
11609,2362,10101,783.23,45,50,Yes,2024-08-01 02:49:00
11610,2363,10050,24.67,30,25,Yes,2024-04-09 13:17:00
11611,2363,10100,25.92,60,50,No,2023-04-27 11:09:00
11612,2364,10115,847.42,45,100,Yes,2024-01-12 11:26:00
11613,2365,10067,4.78,60,50,Yes,2023-08-25 03:26:00
11614,2366,10071,36.86,45,100,Yes,2023-06-28 10:50:00
11615,2366,10080,36.17,45,25,No,2024-12-13 07:40:00
11616,2366,10076,20.96,30,25,No,2023-09-01 00:44:00
11617,2367,10031,30.44,60,5,Yes,2024-01-07 08:34:00
11618,2368,10048,82.06,7,25,Yes,2023-02-18 07:54:00
11619,2369,10126,38.21,7,50,Yes,2023-03-16 00:05:00
11620,2369,10084,28.38,60,10,No,2023-09-28 14:56:00
11621,2370,10150,9.56,7,5,Yes,2024-08-09 22:49:00
11622,2370,10024,9.5,60,50,No,2023-06-21 03:34:00
11623,2370,10070,14.37,60,5,No,2023-04-12 20:02:00
11624,2371,10055,20.34,7,5,Yes,2024-09-20 06:28:00
11625,2371,10131,33.62,30,50,No,2023-08-09 23:03:00
11626,2371,10070,31.47,21,5,No,2024-01-13 06:36:00
11627,2372,10039,350.87,21,10,Yes,2023-05-09 00:09:00
11628,2373,10046,666.88,45,25,Yes,2024-11-19 07:56:00
11629,2374,10061,10.99,14,25,Yes,2024-01-08 17:14:00
11630,2375,10125,6.54,30,100,Yes,2024-11-01 21:13:00
11631,2376,10119,28.84,60,10,Yes,2023-10-07 05:58:00
11632,2376,10010,23.89,7,5,No,2023-03-29 21:58:00
11633,2377,10033,110.78,45,5,Yes,2024-07-31 11:16:00
11634,2377,10096,84.17,7,10,No,2024-09-14 16:32:00
11635,2378,10074,46.49,60,5,Yes,2024-03-02 17:59:00
11636,2378,10047,52.78,14,50,No,2024-12-12 08:59:00
11637,2379,10145,6.6,60,25,Yes,2024-02-11 11:00:00
11638,2379,10024,4.78,7,100,No,2024-05-14 10:24:00
11639,2380,10125,12.45,30,100,Yes,2023-10-10 15:52:00
11640,2381,10065,12.22,21,10,Yes,2023-12-14 19:32:00
11641,2382,10107,37.07,14,5,Yes,2024-03-19 21:38:00
11642,2382,10052,36.47,21,10,No,2024-10-09 21:43:00
11643,2383,10078,212.32,60,100,Yes,2024-04-03 04:34:00
11644,2384,10027,117.81,7,10,Yes,2024-09-13 09:10:00
11645,2385,10008,30.64,45,50,Yes,2023-02-07 18:07:00
11646,2385,10088,34.14,60,50,No,2023-04-30 22:12:00
11647,2386,10134,134.34,7,10,Yes,2024-07-07 10:34:00
11648,2387,10129,865.34,7,100,Yes,2024-12-08 07:23:00
11649,2387,10013,645.38,14,5,No,2024-07-31 09:30:00
11650,2388,10119,46.7,14,10,Yes,2023-06-15 01:20:00
11651,2389,10006,498.1,30,10,Yes,2024-10-02 11:28:00
11652,2390,10057,5.22,7,25,Yes,2024-04-30 13:54:00
11653,2390,10030,7.15,60,25,No,2024-09-05 16:32:00
11654,2391,10085,312.34,7,10,Yes,2023-11-06 22:46:00
11655,2391,10036,285.61,21,25,No,2024-01-16 00:08:00
11656,2392,10019,10.31,60,50,Yes,2024-11-20 23:58:00
11657,2393,10109,432.9,7,25,Yes,2023-03-18 19:41:00
11658,2393,10002,296.49,30,10,No,2023-02-14 16:06:00
11659,2393,10087,320.96,14,25,No,2023-04-18 12:20:00
11660,2394,10056,284.24,21,100,Yes,2023-03-21 01:39:00
11661,2394,10012,288.26,45,10,No,2023-03-21 03:37:00
11662,2394,10067,382.7,21,10,No,2023-02-06 01:39:00
11663,2395,10118,16.63,30,10,Yes,2024-02-17 02:23:00
11664,2395,10104,12.29,7,5,No,2023-09-12 19:19:00
11665,2396,10149,151.51,14,10,Yes,2024-11-17 01:23:00
11666,2397,10121,71.79,7,10,Yes,2024-02-12 01:42:00
11667,2397,10068,77.84,45,10,No,2024-07-13 02:59:00
11668,2398,10130,39.31,45,50,Yes,2023-05-22 04:18:00
11669,2398,10049,37.37,30,25,No,2024-09-30 20:41:00
11670,2399,10058,5.82,45,50,Yes,2024-06-29 08:45:00
11671,2400,10126,190.29,60,100,Yes,2024-12-02 13:03:00
11672,2400,10148,278.28,30,100,No,2024-11-10 11:12:00
11673,2400,10097,227.36,21,10,No,2024-12-30 22:33:00
11674,2401,10130,2.85,30,50,Yes,2024-03-01 08:55:00
11675,2402,10083,810.92,21,25,Yes,2024-03-09 03:47:00
11676,2403,10132,231.9,14,5,Yes,2023-08-16 06:51:00
11677,2404,10026,62.92,45,5,Yes,2024-01-13 07:16:00
11678,2405,10018,2.11,45,5,Yes,2024-10-10 17:59:00
11679,2405,10088,2.57,60,25,No,2024-04-21 00:33:00
11680,2406,10132,39.16,30,100,Yes,2024-01-19 16:40:00
11681,2406,10063,40.89,60,100,No,2024-03-30 02:32:00
11682,2407,10125,62.4,21,100,Yes,2024-12-19 19:50:00
11683,2407,10137,84.42,14,100,No,2023-03-11 03:19:00
11684,2408,10107,77.17,21,5,Yes,2023-02-15 15:15:00
11685,2408,10142,88.42,7,25,No,2024-04-12 22:12:00
11686,2409,10084,3.18,30,100,Yes,2023-08-06 08:40:00
11687,2409,10006,3.37,30,100,No,2023-12-21 14:15:00
11688,2409,10136,3.27,14,25,No,2023-10-04 20:01:00
11689,2410,10080,51.06,60,25,Yes,2023-12-02 21:25:00
11690,2411,10085,253.75,30,5,Yes,2024-01-04 12:52:00
11691,2411,10029,322.42,14,25,No,2024-06-16 05:39:00
11692,2412,10027,396.55,21,5,Yes,2023-08-20 17:30:00
11693,2413,10148,681.34,7,5,Yes,2024-08-29 14:53:00
11694,2413,10009,712.77,30,100,No,2024-12-18 19:07:00
11695,2414,10048,662.47,45,100,Yes,2023-05-26 16:22:00
11696,2414,10010,550.04,60,50,No,2023-05-04 09:04:00
11697,2414,10047,434.35,45,5,No,2024-04-10 01:55:00
11698,2415,10030,4.9,30,25,Yes,2023-07-19 23:50:00
11699,2415,10089,4.27,45,10,No,2023-12-15 21:21:00
11700,2416,10002,203.88,7,25,Yes,2024-03-15 01:13:00
11701,2416,10048,222.3,14,5,No,2023-07-14 05:55:00
11702,2417,10029,96.93,60,5,Yes,2023-02-09 06:30:00
11703,2418,10123,483.27,60,100,Yes,2024-08-27 12:29:00
11704,2419,10037,40.4,14,50,Yes,2024-05-20 22:10:00
11705,2419,10044,32.51,14,25,No,2023-03-19 20:28:00
11706,2420,10085,7.89,7,25,Yes,2023-08-07 18:33:00
11707,2421,10053,97.5,45,5,Yes,2024-10-09 13:47:00
11708,2422,10054,8.25,7,10,Yes,2023-09-19 05:42:00
11709,2423,10012,5.88,21,25,Yes,2024-09-20 01:13:00
11710,2424,10123,17.7,30,5,Yes,2023-08-26 00:25:00
11711,2425,10013,41.71,21,100,Yes,2023-07-07 10:46:00
11712,2425,10123,25.36,14,100,No,2023-11-10 09:10:00
11713,2426,10073,54.4,60,50,Yes,2023-01-22 22:03:00
11714,2426,10109,52.99,14,50,No,2024-12-24 11:51:00
11715,2426,10111,54.72,7,25,No,2024-09-17 19:03:00
11716,2427,10096,154.07,60,5,Yes,2024-09-21 15:37:00
11717,2428,10132,373.01,21,25,Yes,2024-02-08 04:18:00
11718,2429,10141,136.21,7,25,Yes,2024-09-14 06:28:00
11719,2429,10072,159.4,14,10,No,2023-12-31 23:48:00
11720,2429,10096,161.22,30,100,No,2024-09-14 22:16:00
11721,2430,10069,960.47,14,100,Yes,2023-09-23 05:44:00
11722,2430,10028,1141.79,60,5,No,2024-09-09 13:34:00
11723,2430,10088,876.52,30,100,No,2023-04-14 06:41:00
11724,2431,10139,21.35,7,100,Yes,2023-05-13 14:39:00
11725,2431,10004,35.63,7,10,No,2024-07-05 10:58:00
11726,2432,10131,51.02,45,5,Yes,2024-11-24 00:29:00
11727,2433,10096,519.71,21,5,Yes,2023-02-08 06:54:00
11728,2434,10035,6.62,45,5,Yes,2024-08-29 10:31:00
11729,2435,10018,44.48,14,10,Yes,2024-11-27 19:43:00
11730,2435,10125,38.33,30,100,No,2023-08-21 11:05:00
11731,2435,10108,36.43,14,5,No,2023-09-16 04:14:00
11732,2436,10062,16.62,60,25,Yes,2024-10-07 01:44:00
11733,2437,10030,678.12,21,50,Yes,2024-01-01 11:51:00
11734,2438,10080,267.92,45,100,Yes,2024-07-20 22:11:00
11735,2438,10143,352.03,7,50,No,2024-02-10 03:49:00
11736,2439,10048,105.33,45,10,Yes,2024-03-17 01:35:00
11737,2440,10148,848.07,45,25,Yes,2023-07-28 07:38:00
11738,2440,10110,883.09,45,50,No,2023-08-17 12:22:00
11739,2441,10127,21.86,30,10,Yes,2024-02-15 04:11:00
11740,2441,10105,18.72,21,100,No,2024-06-04 18:13:00
11741,2441,10121,23.18,30,50,No,2024-03-14 09:24:00
11742,2442,10087,228.81,21,10,Yes,2023-03-05 15:22:00
11743,2443,10035,14.4,21,10,Yes,2023-07-26 02:42:00
11744,2443,10049,14.05,45,10,No,2023-06-29 20:37:00
11745,2444,10040,3.76,14,100,Yes,2024-07-06 05:12:00
11746,2445,10018,324.51,60,50,Yes,2023-02-19 09:34:00
11747,2445,10068,419.9,21,5,No,2024-10-21 12:59:00
11748,2446,10012,227.53,45,50,Yes,2024-06-23 03:16:00
11749,2446,10123,328.38,45,5,No,2023-02-15 13:11:00
11750,2447,10004,174.56,30,10,Yes,2024-09-08 01:54:00
11751,2447,10044,230.12,30,25,No,2024-03-18 16:47:00
11752,2447,10083,132.67,21,5,No,2024-04-30 13:16:00
11753,2448,10121,330.78,7,100,Yes,2023-06-22 21:46:00
11754,2449,10087,235.02,21,50,Yes,2023-11-07 01:55:00
11755,2449,10082,154.57,7,5,No,2024-05-06 04:47:00
11756,2450,10107,14.02,45,25,Yes,2023-05-18 21:42:00
11757,2450,10095,17.95,21,100,No,2023-04-22 17:35:00
11758,2451,10082,29.01,45,5,Yes,2024-03-13 21:23:00
11759,2452,10100,241.16,45,10,Yes,2024-09-18 04:18:00
11760,2453,10027,89.24,60,100,Yes,2024-10-11 15:25:00
11761,2454,10102,16.56,30,10,Yes,2024-12-18 18:37:00
11762,2454,10021,12.46,21,5,No,2024-03-06 07:06:00
11763,2455,10116,9.62,45,10,Yes,2024-12-20 05:51:00
11764,2456,10005,587.18,21,100,Yes,2023-02-08 04:44:00
11765,2456,10113,445.89,30,10,No,2024-07-13 02:48:00
11766,2457,10054,286.7,45,5,Yes,2024-04-27 18:49:00
11767,2457,10094,311.67,7,25,No,2023-08-07 16:44:00
11768,2457,10044,286.89,60,5,No,2024-05-30 23:34:00
11769,2458,10149,2.3,45,25,Yes,2024-11-30 13:47:00
11770,2459,10085,37.99,14,100,Yes,2023-11-20 15:04:00
11771,2460,10023,9.57,14,50,Yes,2023-02-15 07:30:00
11772,2460,10082,9.52,14,5,No,2024-09-19 18:59:00
11773,2461,10136,15.93,21,25,Yes,2023-12-03 17:28:00
11774,2461,10028,16.79,7,5,No,2023-03-28 13:06:00
11775,2462,10119,648.4,14,100,Yes,2024-04-29 19:17:00
11776,2463,10119,14.53,7,25,Yes,2024-10-28 10:17:00
11777,2464,10035,110.76,21,50,Yes,2023-12-25 00:39:00
11778,2464,10005,104.95,45,25,No,2023-05-27 00:02:00
11779,2465,10025,26.3,30,25,Yes,2023-12-02 23:09:00
11780,2466,10071,56.78,14,50,Yes,2023-01-27 06:37:00
11781,2467,10071,29.69,45,25,Yes,2023-12-02 22:18:00
11782,2468,10065,15.09,14,5,Yes,2024-08-07 19:43:00
11783,2468,10135,21.38,21,25,No,2024-01-22 18:19:00
11784,2469,10032,486.93,21,10,Yes,2023-09-16 16:25:00
11785,2469,10123,567.41,60,10,No,2024-03-08 21:16:00
11786,2469,10012,583.2,60,5,No,2023-11-23 11:21:00
11787,2470,10110,1009.51,30,50,Yes,2023-06-12 04:58:00
11788,2470,10112,619.04,7,10,No,2023-05-23 15:31:00
11789,2471,10040,449.67,14,100,Yes,2023-02-13 13:05:00
11790,2471,10070,265.09,21,50,No,2023-03-28 07:42:00
11791,2471,10147,381.57,14,5,No,2024-08-04 15:02:00
11792,2472,10095,450.04,60,50,Yes,2024-05-16 23:35:00
11793,2472,10038,482.93,60,50,No,2023-06-29 15:53:00
11794,2472,10088,434.79,7,25,No,2024-01-19 01:20:00
11795,2473,10085,587.61,7,50,Yes,2023-12-22 11:28:00
11796,2473,10024,816.94,30,25,No,2023-08-15 03:03:00
11797,2473,10130,622.66,7,50,No,2024-10-09 15:54:00
11798,2474,10112,1144.25,21,50,Yes,2023-08-31 21:45:00
11799,2475,10013,36.76,30,25,Yes,2023-01-07 05:47:00
11800,2476,10113,138.12,30,5,Yes,2024-10-07 10:28:00
11801,2476,10067,150.07,45,50,No,2023-01-03 07:14:00
11802,2477,10145,31.75,14,5,Yes,2023-04-14 23:18:00
11803,2477,10130,43.05,60,5,No,2024-06-22 10:20:00
11804,2477,10081,37.41,60,10,No,2024-11-16 20:44:00
11805,2478,10064,29.9,21,10,Yes,2024-02-09 14:07:00
11806,2478,10016,27.43,45,25,No,2024-03-28 04:50:00
11807,2479,10041,42.14,45,50,Yes,2023-07-07 10:36:00
11808,2479,10081,26.41,14,10,No,2024-06-13 19:55:00
11809,2479,10035,37.39,14,5,No,2024-07-17 15:48:00
11810,2480,10089,164.2,7,100,Yes,2023-12-07 19:19:00
11811,2480,10006,159.5,21,25,No,2023-01-22 10:44:00
11812,2480,10018,100.08,14,25,No,2023-09-13 22:22:00
11813,2481,10136,51.01,45,10,Yes,2024-01-28 22:10:00
11814,2481,10141,69.04,45,10,No,2023-09-26 01:10:00
11815,2481,10096,59.86,21,5,No,2024-09-10 19:20:00
11816,2482,10035,67.2,30,50,Yes,2024-11-18 21:11:00
11817,2483,10010,135.01,60,10,Yes,2024-06-15 12:45:00
11818,2483,10085,111.86,30,25,No,2024-08-28 16:34:00
11819,2483,10004,144.3,21,10,No,2023-09-12 07:22:00
11820,2484,10136,519.93,14,10,Yes,2024-07-15 23:27:00
11821,2485,10147,12.69,21,25,Yes,2024-12-17 04:44:00
11822,2485,10115,15.32,7,10,No,2023-11-13 07:41:00
11823,2486,10104,10.97,60,10,Yes,2024-06-14 22:04:00
11824,2487,10149,932.86,14,5,Yes,2023-12-07 15:06:00
11825,2488,10124,41.56,45,100,Yes,2024-08-09 07:19:00
11826,2489,10116,331.89,45,10,Yes,2024-06-20 23:28:00
11827,2490,10046,91.78,7,5,Yes,2024-11-07 09:48:00
11828,2490,10098,150.31,30,100,No,2023-05-16 12:35:00
11829,2491,10135,242.28,7,50,Yes,2023-01-16 05:34:00
11830,2492,10024,76.02,30,25,Yes,2024-02-15 15:28:00
11831,2493,10078,60.97,45,5,Yes,2024-12-06 18:55:00
11832,2493,10054,68.64,21,25,No,2023-11-13 00:59:00
11833,2494,10094,12.67,60,5,Yes,2024-02-05 23:39:00
11834,2495,10040,169.45,30,50,Yes,2023-02-02 00:08:00
11835,2495,10022,118.98,7,5,No,2024-06-28 09:57:00
11836,2496,10135,31.44,21,25,Yes,2023-02-19 11:01:00
11837,2497,10035,7.29,7,10,Yes,2023-03-13 04:06:00
11838,2497,10022,10.46,60,100,No,2023-10-27 09:25:00
11839,2498,10034,27.69,7,10,Yes,2023-08-01 10:43:00
11840,2498,10144,32.67,60,5,No,2023-08-20 22:30:00
11841,2499,10037,125.52,60,100,Yes,2023-05-28 18:20:00
11842,2500,10128,672.42,14,25,Yes,2023-02-28 19:43:00
11843,2500,10059,652.6,7,50,No,2024-05-23 00:38:00
11844,2500,10019,716.18,21,10,No,2024-02-09 07:07:00
11845,2501,10042,22.68,60,5,Yes,2024-01-02 22:53:00
11846,2501,10054,15.95,60,10,No,2023-05-31 00:54:00
11847,2501,10083,13.19,45,10,No,2023-05-20 17:02:00
11848,2502,10006,332.91,7,25,Yes,2024-03-19 20:39:00
11849,2502,10117,284.18,14,5,No,2023-08-29 21:05:00
11850,2502,10076,245.32,21,10,No,2023-02-03 23:01:00
11851,2503,10034,410.24,14,100,Yes,2023-05-07 00:11:00
11852,2504,10100,32.9,45,50,Yes,2024-06-26 06:00:00
11853,2504,10098,29.48,7,50,No,2023-07-19 01:53:00
11854,2505,10038,446.12,7,10,Yes,2024-03-16 01:09:00
11855,2505,10111,318.88,7,50,No,2024-11-16 11:39:00
11856,2505,10100,379.88,21,100,No,2024-01-02 02:25:00
11857,2506,10003,3.7,45,5,Yes,2023-03-16 14:49:00
11858,2506,10020,3.73,14,10,No,2023-08-28 07:53:00
11859,2507,10099,31.02,7,100,Yes,2023-06-09 08:56:00
11860,2507,10145,41.85,30,10,No,2023-12-16 17:42:00
11861,2507,10066,40.4,7,50,No,2023-10-27 16:24:00
11862,2508,10058,1030.53,45,100,Yes,2023-10-04 09:24:00
11863,2508,10081,777.63,14,10,No,2024-06-12 08:05:00
11864,2509,10109,39.68,45,5,Yes,2023-05-08 12:10:00
11865,2510,10002,210.87,60,100,Yes,2024-05-20 10:56:00
11866,2510,10089,260.88,7,5,No,2024-02-06 05:19:00
11867,2510,10082,231.22,30,5,No,2023-02-23 21:34:00
11868,2511,10043,41.12,60,50,Yes,2023-06-14 13:32:00
11869,2511,10058,38.25,30,5,No,2024-11-24 17:17:00
11870,2512,10101,922.21,7,100,Yes,2024-12-24 20:27:00
11871,2513,10109,11.29,21,100,Yes,2024-08-23 21:55:00
11872,2513,10131,13.66,30,10,No,2024-01-29 04:21:00
11873,2513,10119,14.03,45,5,No,2023-03-23 13:56:00
11874,2514,10031,3.6,60,50,Yes,2023-02-19 22:51:00
11875,2514,10128,3.53,45,25,No,2024-08-26 00:58:00
11876,2515,10046,7.05,21,100,Yes,2023-05-09 11:26:00
11877,2516,10093,574.57,21,100,Yes,2023-03-07 05:21:00
11878,2517,10083,47.52,7,25,Yes,2023-01-04 19:50:00
11879,2517,10132,28.33,60,100,No,2023-07-26 23:58:00
11880,2518,10026,31.06,60,25,Yes,2024-10-27 01:53:00
11881,2518,10062,34.95,60,100,No,2023-12-31 04:00:00
11882,2519,10055,12.9,60,25,Yes,2023-06-26 01:44:00
11883,2520,10040,44.36,30,100,Yes,2024-12-29 07:19:00
11884,2520,10122,53.45,21,25,No,2024-12-05 22:05:00
11885,2521,10032,2.16,21,50,Yes,2024-09-30 12:41:00
11886,2521,10115,2.97,45,5,No,2024-03-15 01:18:00
11887,2522,10072,356.5,21,5,Yes,2023-10-20 09:33:00
11888,2522,10071,415.94,45,10,No,2023-10-08 16:12:00
11889,2523,10022,545.64,21,50,Yes,2024-11-21 09:00:00
11890,2524,10003,60.73,60,10,Yes,2024-05-08 10:33:00
11891,2524,10004,79.36,45,100,No,2023-05-08 07:51:00
11892,2525,10086,545.13,45,100,Yes,2024-02-17 03:13:00
11893,2525,10081,555.05,14,50,No,2023-04-20 14:25:00
11894,2526,10145,11.71,45,50,Yes,2023-11-23 16:35:00
11895,2527,10085,62.55,14,100,Yes,2023-01-21 12:36:00
11896,2528,10083,299.73,60,25,Yes,2024-10-20 01:30:00
11897,2529,10001,536.82,60,100,Yes,2023-06-10 09:34:00
11898,2529,10115,579.54,45,25,No,2024-04-01 06:44:00
11899,2529,10032,924.89,45,25,No,2023-03-28 03:26:00
11900,2530,10016,736.59,21,100,Yes,2023-04-27 17:29:00
11901,2530,10037,888.84,45,5,No,2024-08-13 12:15:00
11902,2530,10040,746.36,7,5,No,2024-02-18 01:21:00
11903,2531,10047,237.87,21,100,Yes,2023-05-19 12:51:00
11904,2532,10051,6.19,45,50,Yes,2023-11-19 17:35:00
11905,2533,10103,631.73,21,10,Yes,2023-12-14 19:49:00
11906,2534,10133,20.48,7,50,Yes,2024-03-23 01:34:00
11907,2535,10092,180.28,7,5,Yes,2023-08-14 04:59:00
11908,2535,10106,178.5,14,10,No,2023-04-21 19:12:00
11909,2536,10012,117.04,60,10,Yes,2024-09-28 04:39:00
11910,2537,10083,22.51,60,50,Yes,2024-02-20 10:26:00
11911,2537,10134,28.45,30,50,No,2024-02-10 11:15:00
11912,2538,10117,3.26,30,5,Yes,2024-11-22 09:08:00
11913,2538,10024,3.2,60,10,No,2023-04-17 05:12:00
11914,2538,10021,2.5,14,50,No,2023-01-09 12:22:00
11915,2539,10072,4.2,21,5,Yes,2024-07-28 16:05:00
11916,2539,10102,3.31,14,5,No,2023-08-08 14:41:00
11917,2540,10116,608.5,14,50,Yes,2024-03-20 09:36:00
11918,2541,10073,38.22,14,50,Yes,2024-08-13 22:02:00
11919,2542,10028,176.89,30,100,Yes,2023-08-22 06:14:00
11920,2542,10147,289.78,21,50,No,2023-03-19 15:35:00
11921,2543,10067,488.07,30,5,Yes,2024-09-25 03:35:00
11922,2544,10009,49.81,45,100,Yes,2024-12-27 12:18:00
11923,2545,10070,3.9,7,50,Yes,2023-04-18 22:08:00
11924,2545,10119,4.63,21,50,No,2023-03-01 12:26:00
11925,2546,10080,3.84,14,5,Yes,2024-12-07 18:51:00
11926,2546,10101,4.34,7,25,No,2023-03-23 11:22:00
11927,2547,10132,92.97,21,5,Yes,2024-03-21 11:32:00
11928,2547,10140,104.21,14,50,No,2023-06-30 22:21:00
11929,2548,10065,49.92,45,25,Yes,2023-12-26 04:48:00
11930,2549,10098,4.25,7,10,Yes,2023-02-19 19:16:00
11931,2550,10121,886.34,60,10,Yes,2024-07-30 09:41:00
11932,2551,10022,3.31,21,5,Yes,2024-06-05 11:28:00
11933,2551,10147,2.96,30,5,No,2023-05-14 16:08:00
11934,2552,10014,772.51,45,5,Yes,2024-02-27 07:06:00
11935,2552,10039,948.49,45,10,No,2024-06-26 16:00:00
11936,2553,10057,95.24,45,100,Yes,2024-07-15 02:25:00
11937,2553,10049,109.78,7,5,No,2024-11-13 10:05:00
11938,2554,10011,7.65,21,5,Yes,2024-02-27 01:49:00
11939,2554,10129,11.28,21,50,No,2023-12-12 11:58:00
11940,2555,10026,9.54,14,25,Yes,2023-06-24 00:44:00
11941,2556,10043,3.46,30,5,Yes,2024-07-11 19:35:00
11942,2557,10064,60.59,14,10,Yes,2024-04-02 05:12:00
11943,2557,10099,65.09,7,50,No,2024-04-19 16:21:00
11944,2558,10102,201.39,14,10,Yes,2023-07-17 05:49:00
11945,2558,10104,159.31,21,25,No,2023-07-15 07:46:00
11946,2559,10045,10.5,60,5,Yes,2024-09-15 07:42:00
11947,2559,10040,11.97,30,100,No,2023-09-26 02:32:00
11948,2560,10070,40.57,30,25,Yes,2024-09-30 22:06:00
11949,2560,10074,44.16,14,100,No,2023-03-11 09:26:00
11950,2561,10133,74.26,21,25,Yes,2024-06-28 22:17:00
11951,2562,10086,34.23,60,5,Yes,2023-09-28 14:10:00
11952,2563,10021,65.33,45,5,Yes,2024-09-20 09:33:00
11953,2564,10112,18.28,45,25,Yes,2023-08-10 07:28:00
11954,2565,10087,391.83,30,100,Yes,2023-06-12 12:16:00
11955,2566,10122,301.35,7,10,Yes,2024-09-04 21:36:00
11956,2566,10105,494.95,45,5,No,2024-05-28 20:43:00
11957,2566,10107,504.06,60,5,No,2023-04-02 06:09:00
11958,2567,10073,5.36,7,10,Yes,2023-01-09 02:23:00
11959,2568,10105,93.65,21,10,Yes,2023-06-15 15:05:00
11960,2569,10013,34.33,30,5,Yes,2024-11-05 11:06:00
11961,2569,10128,25.51,30,10,No,2023-06-30 23:06:00
11962,2570,10028,22.42,30,100,Yes,2024-11-29 02:19:00
11963,2571,10132,1118.87,45,25,Yes,2024-03-30 05:13:00
11964,2571,10111,809.51,14,10,No,2023-12-10 04:45:00
11965,2572,10097,5.57,14,100,Yes,2023-07-30 14:20:00
11966,2572,10067,5.69,21,10,No,2023-09-11 01:06:00
11967,2573,10045,18.77,7,10,Yes,2023-12-11 18:33:00
11968,2574,10126,16.82,7,50,Yes,2023-02-26 21:27:00
11969,2574,10010,23.97,45,5,No,2024-09-24 05:37:00
11970,2575,10106,57.53,60,5,Yes,2024-08-15 21:15:00
11971,2575,10097,57.47,45,10,No,2023-09-06 19:31:00
11972,2576,10020,36.99,21,10,Yes,2024-05-04 23:44:00
11973,2576,10095,27.12,21,50,No,2023-01-28 23:34:00
11974,2577,10126,105.94,60,25,Yes,2023-10-26 11:56:00
11975,2578,10120,743.05,45,25,Yes,2023-09-26 06:18:00
11976,2579,10015,45.8,60,25,Yes,2023-09-20 04:22:00
11977,2580,10140,233.58,21,50,Yes,2024-03-12 15:56:00
11978,2581,10129,15.74,60,25,Yes,2024-03-07 06:20:00
11979,2581,10076,14.29,7,100,No,2023-07-28 11:31:00
11980,2582,10037,727.24,7,50,Yes,2024-10-19 07:24:00
11981,2582,10084,903.18,30,5,No,2024-11-19 18:47:00
11982,2583,10106,412.85,45,25,Yes,2023-04-30 20:03:00
11983,2583,10036,596.31,30,5,No,2023-11-27 03:28:00
11984,2584,10080,149.85,45,5,Yes,2023-03-07 02:52:00
11985,2584,10133,121.25,45,25,No,2023-06-03 04:32:00
11986,2584,10053,145.96,21,5,No,2024-12-20 17:55:00
11987,2585,10037,18.21,21,50,Yes,2023-10-10 09:35:00
11988,2585,10043,24.3,7,25,No,2023-01-04 20:52:00
11989,2586,10148,8.82,14,50,Yes,2024-06-28 09:31:00
11990,2586,10120,7.67,60,100,No,2023-02-22 21:14:00
11991,2587,10067,716.42,7,10,Yes,2024-11-25 18:23:00
11992,2588,10122,3.31,21,25,Yes,2024-06-03 15:05:00
11993,2589,10035,348.33,14,25,Yes,2023-03-10 12:52:00
11994,2590,10016,75.01,7,25,Yes,2023-12-31 14:50:00
11995,2591,10011,8.73,60,10,Yes,2024-09-03 10:19:00
11996,2591,10055,15.64,30,5,No,2023-12-21 22:48:00
11997,2592,10100,4.76,7,25,Yes,2023-03-01 00:41:00
11998,2593,10049,4.18,21,25,Yes,2023-04-13 04:16:00
11999,2593,10062,3.01,30,10,No,2023-01-18 04:01:00
12000,2594,10018,146.46,45,100,Yes,2024-01-01 11:27:00
12001,2595,10061,17.18,60,10,Yes,2024-12-06 19:43:00
12002,2596,10123,336.87,60,10,Yes,2023-03-18 06:59:00
12003,2596,10130,434.22,14,50,No,2023-06-13 11:29:00
12004,2596,10071,547.57,60,10,No,2023-10-11 04:26:00
12005,2597,10144,98.72,7,50,Yes,2024-02-20 10:04:00
12006,2598,10039,378.47,45,10,Yes,2024-11-11 13:04:00
12007,2599,10115,3.34,45,50,Yes,2024-07-01 01:11:00
12008,2600,10109,116.51,7,10,Yes,2024-10-25 10:39:00
12009,2600,10063,160.28,7,25,No,2024-01-31 20:19:00
12010,2601,10120,89.02,30,100,Yes,2023-08-26 19:00:00
12011,2601,10107,93.14,7,5,No,2024-05-28 17:54:00
12012,2602,10114,816.65,21,25,Yes,2024-08-09 17:57:00
12013,2602,10077,714.8,60,5,No,2023-06-03 04:30:00
12014,2602,10131,711.91,14,100,No,2024-08-04 20:59:00
12015,2603,10066,207.88,30,50,Yes,2024-08-30 22:19:00
12016,2604,10130,648.08,45,10,Yes,2024-07-31 19:51:00
12017,2605,10091,36.61,14,5,Yes,2024-12-27 14:25:00
12018,2605,10062,32.13,60,25,No,2024-06-09 07:58:00
12019,2606,10119,1178.17,14,100,Yes,2024-08-17 22:17:00
12020,2607,10086,507.8,30,5,Yes,2024-11-18 18:09:00
12021,2607,10016,554.01,45,100,No,2023-04-02 11:39:00
12022,2608,10019,95.23,21,10,Yes,2023-01-30 03:00:00
12023,2608,10127,64.38,14,25,No,2024-07-16 07:00:00
12024,2609,10101,5.45,45,100,Yes,2024-05-23 11:17:00
12025,2610,10098,648.66,45,100,Yes,2024-02-26 08:06:00
12026,2611,10150,289.44,60,5,Yes,2023-09-02 05:29:00
12027,2611,10052,395.87,14,10,No,2024-01-01 10:38:00
12028,2612,10140,74.05,60,50,Yes,2024-12-18 08:02:00
12029,2612,10121,68.15,30,5,No,2024-07-22 20:20:00
12030,2612,10072,75.46,21,10,No,2024-12-18 06:25:00
12031,2613,10029,8.15,14,10,Yes,2024-07-21 15:40:00
12032,2614,10060,46.26,45,5,Yes,2024-09-29 11:45:00
12033,2615,10124,201.94,21,5,Yes,2023-02-28 15:34:00
12034,2616,10064,11.67,7,10,Yes,2024-03-01 15:39:00
12035,2616,10115,17.08,7,5,No,2023-05-15 21:53:00
12036,2617,10084,11.25,45,100,Yes,2024-09-05 12:57:00
12037,2618,10097,180.51,14,25,Yes,2023-06-08 16:27:00
12038,2619,10045,877.36,14,5,Yes,2024-11-16 01:07:00
12039,2620,10027,15.54,60,5,Yes,2024-03-20 08:25:00
12040,2621,10035,1209.08,30,100,Yes,2024-07-08 12:59:00
12041,2621,10103,1056.71,60,50,No,2024-04-25 10:55:00
12042,2622,10013,477.68,45,25,Yes,2024-10-03 06:24:00
12043,2622,10062,574.74,60,100,No,2023-08-25 10:29:00
12044,2623,10031,143.45,7,25,Yes,2024-05-16 20:53:00
12045,2623,10122,263.87,45,25,No,2023-06-28 13:43:00
12046,2624,10021,571.29,60,10,Yes,2024-03-26 16:33:00
12047,2624,10068,651.5,14,25,No,2023-04-06 15:35:00
12048,2625,10062,56.14,14,10,Yes,2024-06-19 17:12:00
12049,2626,10054,320.2,21,5,Yes,2024-11-04 01:13:00
12050,2626,10128,300.61,7,5,No,2023-07-22 14:49:00
12051,2627,10084,3.68,30,10,Yes,2023-03-10 03:00:00
12052,2628,10147,18.72,45,10,Yes,2024-04-13 11:49:00
12053,2629,10064,40.16,21,10,Yes,2024-08-09 08:11:00
12054,2630,10128,6.4,60,25,Yes,2023-09-26 03:21:00
12055,2631,10024,1071.87,45,10,Yes,2023-08-09 04:10:00
12056,2632,10107,428.17,21,10,Yes,2023-10-20 04:33:00
12057,2632,10148,429.04,30,25,No,2023-02-28 04:34:00
12058,2632,10080,365.47,60,100,No,2023-03-18 12:57:00
12059,2633,10053,502.6,45,5,Yes,2023-11-22 07:24:00
12060,2633,10007,528.48,21,25,No,2023-07-18 21:19:00
12061,2634,10071,84.69,60,100,Yes,2024-03-10 00:03:00
12062,2635,10115,28.15,45,50,Yes,2023-06-14 19:12:00
12063,2636,10125,115.29,7,25,Yes,2023-03-08 16:21:00
12064,2637,10116,421.48,45,25,Yes,2024-06-14 15:18:00
12065,2637,10130,360.98,21,5,No,2024-09-12 10:51:00
12066,2637,10041,617.22,14,25,No,2023-07-18 14:22:00
12067,2638,10138,106.1,14,50,Yes,2024-05-13 14:41:00
12068,2638,10098,119.35,30,100,No,2023-03-06 06:04:00
12069,2639,10056,4.3,7,5,Yes,2023-03-04 21:44:00
12070,2639,10140,4.33,60,25,No,2023-05-15 23:20:00
12071,2640,10058,446.8,45,5,Yes,2024-08-16 05:59:00
12072,2641,10032,66.25,30,50,Yes,2024-11-09 20:38:00
12073,2641,10074,60.61,45,5,No,2023-06-22 07:53:00
12074,2642,10144,527.76,60,50,Yes,2024-08-20 03:02:00
12075,2642,10014,520.6,21,100,No,2024-01-04 03:45:00
12076,2643,10143,9.0,30,5,Yes,2023-12-22 10:01:00
12077,2644,10126,676.01,21,25,Yes,2023-08-23 12:15:00
12078,2645,10011,805.4,30,10,Yes,2023-04-08 11:52:00
12079,2646,10128,486.63,14,50,Yes,2024-01-26 06:51:00
12080,2647,10009,25.56,7,10,Yes,2024-06-19 16:57:00
12081,2648,10084,220.64,45,10,Yes,2024-12-03 23:45:00
12082,2648,10026,156.8,60,50,No,2024-10-26 02:27:00
12083,2648,10018,202.93,7,25,No,2023-04-10 04:43:00
12084,2649,10015,619.32,45,10,Yes,2024-02-22 00:09:00
12085,2649,10123,533.56,60,100,No,2023-04-30 13:24:00
12086,2649,10007,474.07,30,10,No,2023-04-28 19:46:00
12087,2650,10092,182.98,45,5,Yes,2023-08-25 19:09:00
12088,2651,10057,252.75,21,25,Yes,2023-11-30 12:07:00
12089,2651,10036,308.04,7,10,No,2023-10-13 08:08:00
12090,2652,10067,11.28,60,25,Yes,2023-08-12 22:56:00
12091,2653,10108,99.51,7,100,Yes,2023-05-03 01:43:00
12092,2654,10133,436.31,60,5,Yes,2024-09-27 15:21:00
12093,2654,10084,523.04,30,25,No,2023-11-07 20:00:00
12094,2655,10114,281.19,21,50,Yes,2024-06-22 07:22:00
12095,2656,10093,9.09,60,10,Yes,2023-05-20 19:28:00
12096,2656,10132,8.31,45,10,No,2023-10-26 07:37:00
12097,2657,10103,187.06,60,10,Yes,2023-04-24 04:48:00
12098,2657,10102,128.23,21,25,No,2024-01-04 03:13:00
12099,2658,10149,470.78,7,100,Yes,2023-11-03 03:48:00
12100,2659,10056,36.8,14,10,Yes,2024-05-02 14:43:00
12101,2659,10109,51.27,7,10,No,2023-06-05 21:28:00
12102,2660,10120,460.39,7,100,Yes,2024-08-02 16:52:00
12103,2660,10070,488.66,45,10,No,2024-03-05 12:53:00
12104,2660,10092,343.84,30,25,No,2023-04-19 11:48:00
12105,2661,10040,173.4,60,10,Yes,2023-10-02 09:00:00
12106,2661,10142,179.68,21,5,No,2023-10-06 04:03:00
12107,2661,10109,147.7,60,10,No,2023-10-22 15:24:00
12108,2662,10057,364.5,7,25,Yes,2024-07-02 13:22:00
12109,2663,10041,48.98,60,10,Yes,2024-11-25 06:10:00
12110,2664,10040,40.62,7,25,Yes,2023-10-30 09:51:00
12111,2665,10015,518.85,7,25,Yes,2023-03-31 15:40:00
12112,2665,10055,764.35,21,10,No,2024-08-12 13:50:00
12113,2666,10150,7.6,45,25,Yes,2024-02-03 01:13:00
12114,2667,10008,142.63,45,50,Yes,2023-12-31 01:55:00
12115,2667,10056,169.76,45,5,No,2023-09-13 17:51:00
12116,2668,10066,433.55,30,100,Yes,2024-04-23 04:21:00
12117,2669,10073,50.04,7,5,Yes,2023-07-12 12:49:00
12118,2669,10042,58.56,21,50,No,2024-07-06 23:31:00
12119,2670,10033,26.68,21,100,Yes,2023-06-17 07:01:00
12120,2671,10029,179.04,60,100,Yes,2023-07-24 07:00:00
12121,2671,10086,162.89,14,100,No,2023-09-12 03:42:00
12122,2671,10065,98.75,45,25,No,2023-05-28 17:30:00
12123,2672,10023,61.06,60,5,Yes,2024-12-25 10:35:00
12124,2673,10121,23.04,60,100,Yes,2023-07-01 05:27:00
12125,2673,10076,29.55,21,100,No,2023-10-04 12:16:00
12126,2674,10085,37.85,60,100,Yes,2023-09-20 17:02:00
12127,2674,10019,38.24,7,25,No,2023-02-07 05:00:00
12128,2675,10135,35.13,21,5,Yes,2024-11-18 16:50:00
12129,2676,10138,15.5,45,50,Yes,2024-01-11 08:07:00
12130,2676,10015,24.77,60,100,No,2024-11-21 02:53:00
12131,2676,10048,14.6,14,25,No,2023-01-27 22:03:00
12132,2677,10043,47.12,30,5,Yes,2023-08-03 17:00:00
12133,2677,10117,29.71,14,5,No,2023-09-26 01:46:00
12134,2677,10001,30.08,45,100,No,2023-07-25 19:11:00
12135,2678,10077,139.8,60,5,Yes,2023-01-28 05:39:00
12136,2679,10099,358.63,21,10,Yes,2023-12-28 14:17:00
12137,2680,10112,296.66,30,50,Yes,2023-08-29 11:57:00
12138,2681,10124,10.68,14,25,Yes,2023-05-03 01:51:00
12139,2681,10132,16.82,7,25,No,2023-06-24 19:21:00
12140,2681,10123,11.28,14,25,No,2023-07-12 14:43:00
12141,2682,10130,9.89,7,100,Yes,2023-01-10 18:27:00
12142,2683,10019,7.9,7,50,Yes,2024-01-12 18:26:00
12143,2684,10040,559.13,21,5,Yes,2024-10-03 05:07:00
12144,2684,10078,619.61,21,10,No,2024-12-05 03:22:00
12145,2685,10008,275.47,14,25,Yes,2023-01-01 20:44:00
12146,2686,10069,121.61,21,50,Yes,2023-09-04 13:53:00
12147,2686,10051,100.92,45,50,No,2024-12-17 00:08:00
12148,2687,10120,346.01,60,10,Yes,2024-08-27 23:51:00
12149,2687,10080,295.87,45,25,No,2023-05-19 21:08:00
12150,2688,10032,9.91,45,100,Yes,2024-06-30 06:29:00
12151,2689,10047,8.36,45,10,Yes,2024-12-08 08:37:00
12152,2690,10034,245.02,7,25,Yes,2024-06-25 13:16:00
12153,2691,10102,42.09,21,50,Yes,2024-05-28 15:44:00
12154,2692,10066,46.01,7,10,Yes,2024-05-28 11:04:00
12155,2693,10142,55.25,21,5,Yes,2023-07-02 22:27:00
12156,2694,10144,50.11,21,100,Yes,2024-11-09 16:44:00
12157,2694,10026,53.03,21,50,No,2024-10-19 15:14:00
12158,2695,10046,281.67,14,25,Yes,2024-06-04 20:12:00
12159,2696,10097,71.35,45,25,Yes,2023-07-27 11:38:00
12160,2696,10142,66.53,14,25,No,2023-12-30 19:38:00
12161,2697,10056,23.93,14,10,Yes,2023-05-16 22:59:00
12162,2698,10116,363.15,30,10,Yes,2023-01-18 14:16:00
12163,2698,10074,497.93,60,100,No,2024-11-03 02:51:00
12164,2698,10101,568.28,60,25,No,2023-08-12 18:36:00
12165,2699,10146,31.71,7,5,Yes,2023-01-31 00:55:00
12166,2699,10144,37.59,21,10,No,2023-10-01 22:45:00
12167,2699,10142,33.15,60,5,No,2023-06-12 16:33:00
12168,2700,10135,8.98,21,10,Yes,2023-12-04 03:20:00
12169,2701,10017,170.98,7,5,Yes,2024-10-09 04:01:00
12170,2702,10122,20.48,7,100,Yes,2024-04-23 16:55:00
12171,2702,10024,31.07,7,50,No,2023-08-31 16:22:00
12172,2702,10027,21.98,45,10,No,2023-09-03 10:05:00
12173,2703,10130,91.21,7,10,Yes,2024-10-12 20:42:00
12174,2703,10043,123.84,14,100,No,2024-12-31 00:54:00
12175,2704,10081,267.81,14,5,Yes,2024-01-26 16:09:00
12176,2705,10098,10.86,30,50,Yes,2023-09-07 09:27:00
12177,2705,10032,9.07,30,5,No,2024-02-16 19:09:00
12178,2706,10149,273.08,21,5,Yes,2023-07-03 08:39:00
12179,2707,10109,242.13,60,10,Yes,2024-12-15 08:33:00
12180,2708,10078,7.99,21,100,Yes,2024-10-01 09:16:00
12181,2708,10114,10.99,21,5,No,2023-05-23 15:32:00
12182,2708,10088,9.72,60,10,No,2023-02-09 19:06:00
12183,2709,10032,621.04,45,25,Yes,2023-01-12 08:26:00
12184,2710,10096,421.54,60,25,Yes,2023-02-02 13:49:00
12185,2711,10093,821.4,14,25,Yes,2023-08-21 20:33:00
12186,2712,10017,45.6,7,25,Yes,2024-02-27 04:34:00
12187,2713,10061,693.89,21,100,Yes,2024-01-24 12:41:00
12188,2714,10047,478.06,14,10,Yes,2024-08-12 03:24:00
12189,2714,10045,285.9,14,25,No,2024-05-21 04:02:00
12190,2714,10121,294.94,30,25,No,2024-11-06 11:55:00
12191,2715,10126,309.73,7,5,Yes,2023-07-23 03:32:00
12192,2715,10131,250.81,60,100,No,2023-08-18 07:32:00
12193,2716,10002,741.54,60,10,Yes,2024-03-28 02:35:00
12194,2716,10039,1097.09,21,100,No,2023-12-18 12:00:00
12195,2716,10040,929.81,21,25,No,2023-11-23 13:12:00
12196,2717,10121,18.74,14,25,Yes,2023-09-27 11:25:00
12197,2718,10118,140.32,14,25,Yes,2023-10-13 14:19:00
12198,2718,10026,113.82,14,10,No,2023-02-03 07:24:00
12199,2718,10039,137.84,21,25,No,2024-09-02 01:09:00
12200,2719,10049,32.41,30,5,Yes,2024-10-09 09:01:00
12201,2719,10109,38.36,30,100,No,2024-07-24 02:10:00
12202,2720,10027,3.57,7,100,Yes,2024-06-11 02:38:00
12203,2720,10079,6.02,60,10,No,2023-12-10 07:48:00
12204,2720,10076,3.55,14,5,No,2023-02-24 17:18:00
12205,2721,10056,473.66,21,50,Yes,2023-01-26 16:33:00
12206,2722,10006,365.36,30,100,Yes,2024-03-08 15:16:00
12207,2722,10138,312.61,45,50,No,2024-08-18 14:34:00
12208,2722,10061,222.54,60,100,No,2024-01-08 13:42:00
12209,2723,10006,4.92,60,5,Yes,2023-05-17 23:40:00
12210,2724,10059,806.41,14,10,Yes,2024-09-06 19:23:00
12211,2725,10123,3.86,30,5,Yes,2024-06-23 08:39:00
12212,2725,10105,3.68,14,10,No,2024-03-02 16:26:00
12213,2725,10023,3.52,7,10,No,2023-06-17 07:34:00
12214,2726,10134,316.69,21,10,Yes,2024-10-01 13:45:00
12215,2726,10009,466.53,7,5,No,2024-04-27 03:21:00
12216,2727,10030,6.94,60,10,Yes,2024-02-17 03:08:00
12217,2728,10080,1193.14,45,5,Yes,2024-12-10 10:36:00
12218,2728,10002,771.33,14,5,No,2024-05-25 09:47:00
12219,2729,10123,100.33,14,25,Yes,2024-05-03 04:25:00
12220,2730,10112,97.23,60,50,Yes,2024-02-24 12:03:00
12221,2731,10005,141.77,14,10,Yes,2024-05-10 10:53:00
12222,2732,10018,753.26,14,10,Yes,2024-08-22 11:34:00
12223,2733,10022,125.53,14,100,Yes,2024-05-17 03:28:00
12224,2734,10116,4.33,45,25,Yes,2023-04-19 10:49:00
12225,2734,10079,5.81,7,25,No,2024-05-15 23:23:00
12226,2734,10043,4.56,60,50,No,2024-03-18 06:47:00
12227,2735,10083,12.96,45,10,Yes,2023-03-26 07:55:00
12228,2736,10082,281.03,14,50,Yes,2024-10-28 23:27:00
12229,2736,10070,222.87,14,5,No,2024-11-17 21:25:00
12230,2736,10091,263.63,30,100,No,2023-06-11 05:12:00
12231,2737,10085,22.24,45,25,Yes,2024-05-10 16:46:00
12232,2737,10004,23.61,45,10,No,2024-04-10 03:32:00
12233,2738,10123,7.85,7,5,Yes,2023-04-15 06:17:00
12234,2739,10031,115.43,7,5,Yes,2024-06-25 02:52:00
12235,2740,10068,17.19,21,100,Yes,2023-09-19 10:48:00
12236,2740,10107,17.79,14,50,No,2024-02-20 09:33:00
12237,2741,10082,16.69,30,10,Yes,2023-05-30 14:04:00
12238,2742,10097,584.53,14,50,Yes,2023-04-03 14:10:00
12239,2742,10094,549.37,30,25,No,2023-07-22 09:10:00
12240,2743,10121,3.97,14,100,Yes,2024-03-13 12:41:00
12241,2744,10100,7.34,30,5,Yes,2024-01-11 11:31:00
12242,2744,10147,6.59,45,50,No,2024-09-15 21:01:00
12243,2745,10092,412.48,7,50,Yes,2023-11-12 02:55:00
12244,2745,10029,409.59,21,100,No,2023-11-05 13:33:00
12245,2746,10098,1033.95,30,25,Yes,2023-11-22 01:39:00
12246,2746,10150,890.77,21,100,No,2024-03-10 12:50:00
12247,2747,10001,244.18,21,5,Yes,2024-02-22 19:40:00
12248,2747,10113,319.46,30,5,No,2023-09-19 04:10:00
12249,2747,10084,195.96,14,5,No,2024-02-05 21:14:00
12250,2748,10013,49.0,30,5,Yes,2023-07-14 07:06:00
12251,2749,10047,218.5,21,5,Yes,2024-06-07 09:06:00
12252,2750,10094,685.7,14,5,Yes,2023-03-30 23:37:00
12253,2751,10088,53.38,7,5,Yes,2024-12-07 01:10:00
12254,2752,10145,527.46,21,10,Yes,2024-05-06 10:21:00
12255,2753,10110,6.41,45,10,Yes,2024-08-21 12:46:00
12256,2753,10102,9.58,30,50,No,2024-10-11 02:10:00
12257,2753,10100,8.27,14,25,No,2023-04-10 14:03:00
12258,2754,10050,53.41,7,100,Yes,2023-06-23 16:54:00
12259,2754,10088,37.52,14,100,No,2023-03-20 22:25:00
12260,2755,10050,425.36,14,25,Yes,2024-11-24 09:36:00
12261,2755,10142,421.44,7,25,No,2023-10-11 08:28:00
12262,2755,10140,415.69,45,50,No,2024-04-21 06:33:00
12263,2756,10006,758.94,14,10,Yes,2023-10-09 14:33:00
12264,2756,10146,697.71,7,100,No,2023-01-10 15:13:00
12265,2757,10073,748.23,21,5,Yes,2024-12-09 13:07:00
12266,2758,10090,303.59,7,25,Yes,2024-04-25 05:24:00
12267,2759,10077,44.62,30,100,Yes,2024-05-11 18:20:00
12268,2760,10070,760.42,60,100,Yes,2023-05-20 21:36:00
12269,2761,10001,142.65,60,25,Yes,2024-12-15 02:21:00
12270,2761,10114,100.04,14,5,No,2023-05-17 10:41:00
12271,2762,10140,11.35,21,50,Yes,2024-04-12 12:39:00
12272,2762,10133,12.09,45,10,No,2024-02-19 05:23:00
12273,2762,10054,8.32,30,25,No,2023-08-30 10:45:00
12274,2763,10100,324.73,21,10,Yes,2024-05-29 13:20:00
12275,2763,10002,281.01,30,100,No,2024-03-26 03:06:00
12276,2763,10143,401.8,30,25,No,2024-02-03 21:21:00
12277,2764,10113,10.65,60,50,Yes,2023-08-30 18:09:00
12278,2765,10019,20.3,45,100,Yes,2023-08-04 06:46:00
12279,2765,10149,17.03,45,25,No,2024-07-03 09:30:00
12280,2766,10078,13.35,45,25,Yes,2024-02-02 12:42:00
12281,2767,10005,154.4,14,10,Yes,2024-09-20 19:59:00
12282,2768,10127,14.22,7,10,Yes,2024-10-04 08:05:00
12283,2769,10131,13.42,7,100,Yes,2023-10-06 08:21:00
12284,2769,10120,11.55,7,5,No,2023-04-29 04:59:00
12285,2770,10127,12.13,21,25,Yes,2023-03-06 21:00:00
12286,2771,10121,591.87,45,50,Yes,2024-08-06 08:44:00
12287,2771,10130,625.79,60,10,No,2023-05-05 08:06:00
12288,2772,10018,9.45,7,5,Yes,2024-04-09 14:33:00
12289,2772,10046,10.34,21,25,No,2023-10-03 11:06:00
12290,2773,10043,107.39,7,5,Yes,2023-09-10 19:24:00
12291,2773,10079,105.54,45,100,No,2024-05-03 22:10:00
12292,2773,10099,95.97,30,50,No,2023-11-18 02:02:00
12293,2774,10036,908.0,60,100,Yes,2024-11-18 23:53:00
12294,2774,10031,948.73,30,50,No,2023-03-04 10:28:00
12295,2775,10022,1068.87,30,100,Yes,2024-10-22 15:56:00
12296,2776,10055,111.65,7,100,Yes,2023-04-13 14:04:00
12297,2777,10087,26.49,30,50,Yes,2023-10-30 00:26:00
12298,2777,10021,32.25,14,100,No,2023-10-05 19:42:00
12299,2778,10136,103.38,14,50,Yes,2023-05-21 14:49:00
12300,2778,10033,95.92,60,5,No,2023-06-12 05:12:00
12301,2778,10058,70.73,45,5,No,2024-03-28 09:55:00
12302,2779,10124,9.93,21,25,Yes,2024-01-26 01:38:00
12303,2779,10142,12.13,14,10,No,2024-03-29 03:37:00
12304,2780,10050,201.7,30,100,Yes,2024-04-27 01:23:00
12305,2780,10120,233.42,45,50,No,2024-04-06 20:46:00
12306,2780,10101,253.09,7,10,No,2023-12-30 11:27:00
12307,2781,10101,77.33,30,50,Yes,2023-04-02 23:50:00
12308,2781,10100,61.38,21,50,No,2023-05-23 02:22:00
12309,2782,10032,254.05,60,25,Yes,2024-11-22 06:17:00
12310,2782,10147,161.63,7,25,No,2024-09-18 17:49:00
12311,2783,10052,138.19,14,10,Yes,2023-04-19 20:32:00
12312,2784,10120,752.99,45,5,Yes,2024-11-21 23:00:00
12313,2784,10055,731.68,30,50,No,2024-05-18 05:50:00
12314,2784,10116,824.01,21,50,No,2024-03-02 10:25:00
12315,2785,10131,13.41,14,5,Yes,2024-03-13 07:49:00
12316,2785,10138,11.33,30,50,No,2024-11-23 17:20:00
12317,2786,10057,4.58,45,10,Yes,2023-07-15 17:19:00
12318,2787,10061,8.42,21,100,Yes,2023-04-08 12:53:00
12319,2787,10079,9.08,60,25,No,2024-04-04 07:39:00
12320,2788,10016,488.87,21,100,Yes,2024-08-22 08:19:00
12321,2788,10098,705.46,7,5,No,2024-04-19 05:22:00
12322,2788,10113,773.18,21,50,No,2024-09-11 12:46:00
12323,2789,10015,56.41,30,5,Yes,2023-11-26 18:05:00
12324,2789,10024,79.89,14,25,No,2024-02-23 05:40:00
12325,2790,10064,25.97,60,100,Yes,2024-06-28 06:32:00
12326,2791,10083,8.97,21,10,Yes,2024-10-27 20:44:00
12327,2792,10077,160.69,60,10,Yes,2024-11-26 11:36:00
12328,2793,10024,330.87,21,5,Yes,2023-05-31 09:40:00
12329,2793,10037,348.67,14,100,No,2024-06-03 23:07:00
12330,2794,10067,8.94,14,100,Yes,2023-02-19 07:18:00
12331,2795,10024,370.38,60,5,Yes,2023-12-11 22:33:00
12332,2795,10048,462.96,45,5,No,2023-11-08 11:09:00
12333,2795,10144,554.84,30,25,No,2024-07-18 07:40:00
12334,2796,10081,179.34,7,10,Yes,2024-03-24 21:21:00
12335,2796,10071,287.6,21,50,No,2023-12-19 01:19:00
12336,2796,10100,282.54,30,50,No,2023-05-18 08:28:00
12337,2797,10028,435.86,60,5,Yes,2024-05-20 04:10:00
12338,2797,10036,456.48,45,10,No,2023-06-15 14:53:00
12339,2798,10084,117.92,30,100,Yes,2023-07-29 09:32:00
12340,2798,10096,132.62,30,5,No,2023-03-01 15:19:00
12341,2799,10019,506.9,14,25,Yes,2024-09-06 11:43:00
12342,2800,10083,3.41,45,25,Yes,2024-08-13 16:13:00
12343,2801,10039,1037.07,45,100,Yes,2024-03-18 00:11:00
12344,2802,10008,124.13,30,5,Yes,2023-02-24 22:37:00
12345,2803,10106,91.27,14,10,Yes,2023-05-31 10:58:00
12346,2803,10002,72.85,45,5,No,2024-08-29 12:28:00
12347,2804,10100,338.21,60,100,Yes,2024-12-08 08:49:00
12348,2804,10029,316.46,7,5,No,2024-01-11 03:51:00
12349,2804,10089,360.34,14,25,No,2023-02-15 20:29:00
12350,2805,10004,23.55,30,5,Yes,2024-12-22 22:50:00
12351,2806,10142,298.03,14,100,Yes,2023-02-27 00:43:00
12352,2806,10090,311.53,60,5,No,2024-06-15 12:15:00
12353,2806,10100,272.85,45,5,No,2024-10-26 04:03:00
12354,2807,10084,7.41,30,50,Yes,2023-05-01 16:09:00
12355,2808,10027,13.26,7,100,Yes,2023-01-15 02:34:00
12356,2808,10086,13.32,60,25,No,2023-12-31 06:56:00
12357,2809,10052,65.52,7,50,Yes,2024-01-24 11:10:00
12358,2810,10017,799.71,7,100,Yes,2024-10-17 00:00:00
12359,2810,10032,768.84,14,100,No,2024-06-26 17:49:00
12360,2811,10090,37.76,7,25,Yes,2024-10-30 14:48:00
12361,2812,10015,48.77,14,5,Yes,2024-03-21 06:53:00
12362,2812,10040,48.41,60,50,No,2023-12-16 15:33:00
12363,2812,10071,42.05,14,25,No,2024-08-14 18:39:00
12364,2813,10064,18.09,7,25,Yes,2023-05-03 23:09:00
12365,2814,10106,53.56,14,100,Yes,2024-09-30 09:12:00
12366,2814,10007,50.26,21,25,No,2023-03-12 02:27:00
12367,2815,10058,46.12,60,50,Yes,2024-06-16 06:09:00
12368,2816,10127,520.9,30,100,Yes,2023-04-02 10:07:00
12369,2816,10114,841.73,14,100,No,2024-10-07 15:39:00
12370,2817,10019,89.69,60,50,Yes,2023-11-26 18:48:00
12371,2818,10137,80.43,45,100,Yes,2023-08-06 22:43:00
12372,2818,10073,109.44,30,5,No,2024-11-02 21:26:00
12373,2819,10087,441.36,45,100,Yes,2024-07-05 07:44:00
12374,2819,10063,328.18,45,100,No,2023-07-03 14:31:00
12375,2819,10098,460.7,7,25,No,2023-01-26 21:32:00
12376,2820,10007,1122.09,60,25,Yes,2024-11-27 20:16:00
12377,2820,10048,900.65,60,5,No,2023-02-14 00:11:00
12378,2820,10128,939.82,45,5,No,2024-03-21 21:55:00
12379,2821,10081,14.22,45,5,Yes,2023-04-14 02:54:00
12380,2821,10018,10.13,14,25,No,2024-02-07 05:25:00
12381,2822,10105,35.14,14,5,Yes,2024-08-07 08:00:00
12382,2823,10093,191.45,7,5,Yes,2023-05-30 06:13:00
12383,2824,10022,11.65,30,25,Yes,2023-12-24 19:42:00
12384,2825,10057,28.41,14,100,Yes,2023-05-13 20:20:00
12385,2825,10067,29.4,45,50,No,2024-08-05 10:46:00
12386,2825,10033,23.91,60,100,No,2023-03-19 22:25:00
12387,2826,10144,18.11,7,25,Yes,2024-03-17 07:39:00
12388,2826,10141,16.95,14,10,No,2023-08-19 04:43:00
12389,2827,10051,23.41,14,10,Yes,2024-08-01 08:34:00
12390,2828,10028,30.19,60,25,Yes,2023-03-14 12:54:00
12391,2829,10145,8.4,45,50,Yes,2023-05-10 13:51:00
12392,2830,10146,207.62,21,5,Yes,2023-08-05 03:26:00
12393,2831,10016,123.61,7,50,Yes,2024-02-04 22:20:00
12394,2831,10139,100.77,14,100,No,2024-06-12 18:52:00
12395,2832,10013,32.45,21,50,Yes,2024-06-22 06:25:00
12396,2832,10107,37.65,7,5,No,2023-01-01 10:10:00
12397,2832,10065,36.0,30,100,No,2024-03-17 18:44:00
12398,2833,10071,195.07,7,10,Yes,2024-12-01 21:09:00
12399,2834,10057,523.51,21,5,Yes,2023-10-26 22:21:00
12400,2835,10149,631.37,60,100,Yes,2023-03-12 17:25:00
12401,2835,10110,399.36,21,10,No,2024-02-07 04:42:00
12402,2836,10111,569.9,14,100,Yes,2024-07-17 09:53:00
12403,2836,10024,615.17,7,100,No,2024-09-23 18:26:00
12404,2836,10095,528.48,14,100,No,2023-08-25 05:56:00
12405,2837,10060,903.63,60,50,Yes,2023-01-08 08:51:00
12406,2837,10084,567.11,21,100,No,2023-05-25 16:02:00
12407,2838,10078,26.53,30,25,Yes,2024-01-14 17:50:00
12408,2839,10112,278.53,30,25,Yes,2023-05-31 08:58:00
12409,2839,10026,389.99,60,25,No,2024-07-02 07:49:00
12410,2840,10141,59.87,14,25,Yes,2023-02-02 03:57:00
12411,2840,10126,58.43,21,25,No,2024-04-05 04:37:00
12412,2840,10016,41.14,60,50,No,2023-04-11 05:54:00
12413,2841,10038,82.18,30,10,Yes,2023-01-26 01:48:00
12414,2841,10086,92.16,30,10,No,2023-05-23 17:03:00
12415,2842,10022,15.57,60,5,Yes,2023-01-06 13:16:00
12416,2843,10139,27.35,14,10,Yes,2024-01-20 16:37:00
12417,2844,10118,115.55,45,25,Yes,2023-08-25 18:31:00
12418,2845,10074,13.51,45,5,Yes,2023-05-21 08:25:00
12419,2846,10029,20.54,7,25,Yes,2024-01-05 23:34:00
12420,2847,10010,25.31,30,100,Yes,2024-08-09 04:59:00
12421,2847,10008,36.13,7,50,No,2024-11-12 16:16:00
12422,2848,10133,61.75,60,50,Yes,2024-04-01 06:23:00
12423,2848,10060,67.35,7,25,No,2024-05-05 06:43:00
12424,2849,10118,285.68,14,25,Yes,2023-02-14 09:26:00
12425,2850,10017,78.17,7,25,Yes,2024-11-13 17:50:00
12426,2850,10022,69.0,7,100,No,2023-09-05 22:13:00
12427,2851,10114,68.91,45,5,Yes,2023-03-02 01:32:00
12428,2852,10144,9.1,14,100,Yes,2024-01-30 15:48:00
12429,2852,10036,5.92,7,5,No,2024-04-03 07:10:00
12430,2853,10101,7.68,7,50,Yes,2024-05-14 17:43:00
12431,2854,10142,353.18,30,100,Yes,2023-06-28 08:28:00
12432,2854,10131,327.86,30,10,No,2023-04-28 14:18:00
12433,2855,10119,7.69,60,50,Yes,2023-06-19 17:11:00
12434,2855,10005,9.09,60,50,No,2023-11-03 18:00:00
12435,2856,10103,390.73,21,50,Yes,2023-05-25 07:27:00
12436,2857,10138,12.55,60,10,Yes,2023-06-06 17:55:00
12437,2857,10101,9.79,60,5,No,2024-05-12 13:59:00
12438,2858,10139,142.5,30,5,Yes,2024-10-03 14:52:00
12439,2858,10063,86.1,60,50,No,2023-07-29 21:01:00
12440,2858,10117,114.62,45,100,No,2023-05-07 17:58:00
12441,2859,10142,874.15,45,5,Yes,2024-04-21 15:03:00
12442,2859,10031,921.14,60,25,No,2024-03-01 03:36:00
12443,2860,10126,34.45,60,25,Yes,2023-08-20 21:29:00
12444,2861,10014,6.76,21,100,Yes,2023-08-31 08:56:00
12445,2861,10035,8.39,45,100,No,2023-08-17 07:00:00
12446,2862,10007,6.81,60,10,Yes,2024-03-06 13:47:00
12447,2862,10022,6.81,7,100,No,2024-01-29 04:37:00
12448,2863,10141,13.77,45,5,Yes,2024-06-18 06:45:00
12449,2863,10144,11.98,30,25,No,2023-05-14 14:14:00
12450,2864,10092,524.85,21,10,Yes,2024-06-19 10:29:00
12451,2865,10001,120.8,45,25,Yes,2024-07-20 13:54:00
12452,2865,10060,163.28,7,100,No,2023-01-17 10:18:00
12453,2866,10005,58.86,60,50,Yes,2023-08-01 01:17:00
12454,2867,10130,437.19,60,25,Yes,2024-11-09 00:32:00
12455,2867,10103,441.9,21,25,No,2024-10-12 15:54:00
12456,2868,10119,144.75,14,100,Yes,2024-01-08 14:00:00
12457,2869,10033,367.07,30,25,Yes,2024-07-08 14:32:00
12458,2869,10092,445.8,45,10,No,2024-03-07 03:46:00
12459,2870,10070,15.41,30,5,Yes,2024-12-09 08:43:00
12460,2870,10134,14.63,14,5,No,2023-02-20 12:11:00
12461,2871,10137,808.16,30,100,Yes,2023-05-09 20:36:00
12462,2872,10060,23.45,45,50,Yes,2024-10-17 15:17:00
12463,2873,10098,1214.84,7,10,Yes,2024-03-02 22:55:00
12464,2873,10062,782.82,14,10,No,2023-03-19 05:36:00
12465,2874,10111,53.71,45,5,Yes,2024-05-24 19:48:00
12466,2874,10054,48.25,60,50,No,2024-08-02 17:28:00
12467,2875,10119,133.53,7,50,Yes,2023-07-03 01:08:00
12468,2876,10096,467.54,7,5,Yes,2024-04-23 21:16:00
12469,2876,10015,413.37,21,10,No,2024-07-15 06:20:00
12470,2876,10069,383.37,60,25,No,2024-10-15 11:56:00
12471,2877,10014,119.03,7,10,Yes,2024-07-04 11:32:00
12472,2877,10124,101.5,60,10,No,2024-07-19 10:21:00
12473,2877,10120,123.42,30,100,No,2024-04-04 14:01:00
12474,2878,10033,172.35,7,100,Yes,2023-11-07 00:06:00
12475,2878,10025,152.25,30,50,No,2024-04-09 02:37:00
12476,2879,10132,176.07,14,5,Yes,2024-08-20 05:39:00
12477,2880,10049,147.04,30,25,Yes,2023-06-14 14:17:00
12478,2881,10127,101.91,7,100,Yes,2023-07-06 20:21:00
12479,2882,10138,990.51,45,5,Yes,2023-06-07 15:15:00
12480,2883,10144,136.12,45,100,Yes,2024-02-04 01:13:00
12481,2884,10043,706.49,60,25,Yes,2023-06-17 02:34:00
12482,2884,10088,1163.06,60,10,No,2023-05-22 04:13:00
12483,2885,10098,100.78,30,100,Yes,2024-11-06 14:58:00
12484,2885,10091,148.02,7,10,No,2023-03-25 11:23:00
12485,2886,10116,49.82,60,5,Yes,2024-02-26 09:05:00
12486,2887,10025,5.16,60,100,Yes,2024-11-25 23:51:00
12487,2887,10116,6.63,14,50,No,2024-06-14 12:23:00
12488,2888,10003,78.62,21,50,Yes,2023-07-06 15:20:00
12489,2888,10047,92.85,45,5,No,2023-01-16 16:38:00
12490,2888,10111,66.65,14,50,No,2023-05-13 13:23:00
12491,2889,10081,376.6,30,25,Yes,2023-04-17 07:59:00
12492,2890,10065,404.1,7,100,Yes,2023-12-19 22:58:00
12493,2890,10003,334.63,7,5,No,2023-01-29 16:45:00
12494,2891,10038,753.84,21,50,Yes,2023-10-09 21:58:00
12495,2892,10099,71.69,14,50,Yes,2023-01-02 17:54:00
12496,2892,10053,81.93,7,100,No,2023-06-09 02:59:00
12497,2893,10109,23.16,7,5,Yes,2023-01-11 00:38:00
12498,2893,10067,25.07,7,50,No,2023-05-23 17:42:00
12499,2894,10142,14.39,60,5,Yes,2023-06-05 21:33:00
12500,2895,10081,80.97,45,25,Yes,2024-09-28 01:38:00
12501,2896,10065,115.16,45,10,Yes,2024-11-25 11:23:00
12502,2897,10034,5.75,7,100,Yes,2023-01-11 07:33:00
12503,2897,10050,9.0,30,5,No,2023-04-15 19:39:00
12504,2898,10080,38.33,30,10,Yes,2023-09-09 13:04:00
12505,2899,10034,163.39,14,5,Yes,2024-01-27 00:51:00
12506,2900,10086,248.22,30,100,Yes,2023-07-07 13:19:00
12507,2900,10135,231.31,30,100,No,2024-03-17 07:13:00
12508,2900,10148,229.94,60,100,No,2023-02-26 10:18:00
12509,2901,10064,176.43,21,10,Yes,2023-12-26 17:52:00
12510,2901,10048,221.13,45,10,No,2024-06-15 15:38:00
12511,2902,10026,260.81,45,50,Yes,2023-08-28 19:59:00
12512,2902,10147,188.58,30,100,No,2023-11-06 01:56:00
12513,2902,10061,241.68,7,50,No,2023-10-23 02:53:00
12514,2903,10119,10.11,14,50,Yes,2024-10-31 11:02:00
12515,2903,10104,10.04,30,25,No,2023-07-25 06:44:00
12516,2904,10125,4.38,30,50,Yes,2024-10-09 08:47:00
12517,2904,10085,4.53,60,25,No,2023-04-26 08:14:00
12518,2905,10077,37.15,60,50,Yes,2024-08-28 13:53:00
12519,2905,10054,29.28,60,100,No,2024-01-12 10:40:00
12520,2906,10019,756.88,60,5,Yes,2024-03-19 03:25:00
12521,2907,10094,4.96,7,10,Yes,2024-09-17 16:30:00
12522,2908,10070,360.22,45,50,Yes,2024-03-19 00:38:00
12523,2908,10060,374.88,45,25,No,2023-10-15 00:00:00
12524,2909,10055,69.42,21,5,Yes,2023-03-16 18:52:00
12525,2910,10022,375.35,60,5,Yes,2024-02-16 05:58:00
12526,2911,10127,240.43,21,5,Yes,2023-10-08 16:24:00
12527,2912,10051,729.96,60,50,Yes,2023-12-11 02:39:00
12528,2913,10028,42.22,60,25,Yes,2023-11-25 03:32:00
12529,2913,10061,29.8,60,25,No,2024-10-14 20:26:00
12530,2913,10135,35.95,21,10,No,2024-10-30 04:36:00
12531,2914,10007,1231.53,7,100,Yes,2024-09-16 10:34:00
12532,2914,10087,1091.64,60,5,No,2024-04-30 11:14:00
12533,2915,10079,4.5,7,50,Yes,2024-09-30 01:57:00
12534,2915,10091,5.06,60,100,No,2024-07-13 02:45:00
12535,2915,10096,5.97,60,10,No,2023-11-18 17:50:00
12536,2916,10101,10.2,45,25,Yes,2023-09-18 08:49:00
12537,2916,10096,10.16,30,100,No,2023-02-09 23:22:00
12538,2917,10115,2.47,60,100,Yes,2024-02-05 13:12:00
12539,2917,10085,3.2,30,50,No,2023-07-23 08:20:00
12540,2918,10093,193.03,30,25,Yes,2023-04-25 20:47:00
12541,2919,10007,844.16,45,25,Yes,2023-09-04 23:27:00
12542,2919,10079,821.61,14,10,No,2024-07-31 16:17:00
12543,2920,10094,57.32,14,10,Yes,2024-03-27 15:18:00
12544,2920,10076,68.5,30,25,No,2023-10-04 03:51:00
12545,2921,10139,51.68,7,100,Yes,2024-02-06 21:02:00
12546,2922,10128,20.51,7,25,Yes,2024-06-03 07:41:00
12547,2922,10007,19.89,21,50,No,2023-07-22 10:17:00
12548,2922,10038,22.07,45,25,No,2024-05-26 07:25:00
12549,2923,10121,49.23,30,100,Yes,2023-03-20 14:31:00
12550,2923,10083,29.51,21,25,No,2023-01-19 15:54:00
12551,2923,10017,27.93,45,100,No,2024-10-03 15:20:00
12552,2924,10024,253.12,60,5,Yes,2024-02-17 13:08:00
12553,2925,10036,575.85,14,25,Yes,2023-02-22 08:43:00
12554,2926,10080,45.34,60,25,Yes,2024-03-06 17:55:00
12555,2926,10139,48.91,21,5,No,2023-10-11 01:17:00
12556,2927,10085,115.33,7,10,Yes,2024-08-18 03:18:00
12557,2927,10065,110.91,60,25,No,2024-06-21 17:25:00
12558,2927,10052,102.0,14,100,No,2024-01-22 08:23:00
12559,2928,10049,2.4,7,25,Yes,2023-11-04 16:36:00
12560,2928,10055,2.83,14,10,No,2024-09-19 21:13:00
12561,2928,10070,3.17,14,50,No,2023-01-11 12:22:00
12562,2929,10078,17.5,21,10,Yes,2023-12-29 01:54:00
12563,2929,10149,17.65,45,5,No,2024-10-06 15:07:00
12564,2929,10042,21.06,60,10,No,2023-03-19 12:44:00
12565,2930,10126,33.08,21,100,Yes,2024-09-23 15:09:00
12566,2931,10105,171.5,21,5,Yes,2024-01-27 21:17:00
12567,2931,10039,226.68,7,25,No,2024-03-14 01:32:00
12568,2931,10018,209.63,7,100,No,2024-05-17 20:15:00
12569,2932,10044,800.5,60,5,Yes,2023-06-14 15:38:00
12570,2932,10118,1149.65,60,25,No,2023-02-11 05:16:00
12571,2933,10012,773.06,7,50,Yes,2024-04-20 02:58:00
12572,2933,10144,601.93,30,100,No,2023-04-10 10:38:00
12573,2934,10024,7.36,30,5,Yes,2024-11-25 02:27:00
12574,2935,10141,95.98,30,25,Yes,2024-12-24 10:15:00
12575,2935,10146,80.49,30,25,No,2023-02-02 19:10:00
12576,2936,10001,136.97,7,50,Yes,2024-07-19 18:54:00
12577,2937,10040,114.99,60,10,Yes,2023-10-11 15:10:00
12578,2938,10142,147.56,60,10,Yes,2024-03-30 01:58:00
12579,2939,10140,417.48,30,5,Yes,2024-04-18 22:50:00
12580,2939,10149,416.9,7,5,No,2023-09-07 21:34:00
12581,2940,10012,20.72,30,25,Yes,2024-06-25 04:27:00
12582,2941,10006,48.39,45,50,Yes,2024-06-11 15:40:00
12583,2941,10063,46.53,45,25,No,2023-05-23 04:50:00
12584,2941,10127,48.15,21,25,No,2023-08-23 17:20:00
12585,2942,10143,152.26,45,25,Yes,2024-02-18 09:19:00
12586,2942,10058,116.45,21,10,No,2024-01-07 18:39:00
12587,2943,10009,43.61,14,25,Yes,2024-09-30 13:51:00
12588,2943,10040,45.56,60,5,No,2023-08-18 20:10:00
12589,2944,10009,29.82,21,5,Yes,2023-10-23 10:29:00
12590,2945,10009,12.8,60,50,Yes,2024-12-12 09:36:00
12591,2945,10044,11.66,45,10,No,2023-11-13 03:14:00
12592,2946,10118,288.34,60,10,Yes,2023-03-03 01:04:00
12593,2947,10035,50.56,21,5,Yes,2024-08-04 01:17:00
12594,2948,10147,31.19,7,50,Yes,2023-03-31 01:21:00
12595,2948,10129,49.0,45,100,No,2024-03-12 19:19:00
12596,2948,10076,27.23,30,50,No,2023-02-09 01:02:00
12597,2949,10069,42.65,7,5,Yes,2023-06-22 17:12:00
12598,2950,10012,15.54,14,100,Yes,2024-08-21 07:16:00
12599,2951,10110,380.43,14,100,Yes,2024-08-18 10:59:00
12600,2951,10100,335.93,30,100,No,2023-09-26 00:14:00
12601,2951,10061,334.44,7,5,No,2023-02-24 15:00:00
12602,2952,10086,107.41,7,50,Yes,2024-06-26 19:14:00
12603,2952,10111,112.33,45,10,No,2023-10-24 07:28:00
12604,2953,10057,45.96,14,25,Yes,2023-12-21 17:41:00
12605,2954,10022,193.18,14,10,Yes,2024-04-16 07:44:00
12606,2954,10050,151.96,30,100,No,2023-11-29 22:43:00
12607,2955,10106,13.03,30,5,Yes,2024-06-19 12:21:00
12608,2956,10149,724.62,14,100,Yes,2023-10-12 06:39:00
12609,2956,10067,739.79,30,100,No,2023-02-24 17:32:00
12610,2957,10144,21.97,7,50,Yes,2023-09-25 12:50:00
12611,2958,10036,50.55,14,10,Yes,2023-01-27 14:40:00
12612,2958,10077,51.9,7,10,No,2023-09-02 02:29:00
12613,2958,10045,72.69,30,10,No,2024-12-10 09:09:00
12614,2959,10117,12.66,21,50,Yes,2024-12-01 19:08:00
12615,2960,10013,15.6,45,25,Yes,2023-12-11 08:56:00
12616,2960,10067,17.27,45,100,No,2024-05-24 06:03:00
12617,2960,10032,13.55,60,25,No,2023-05-24 13:56:00
12618,2961,10086,13.37,60,5,Yes,2024-04-27 13:11:00
12619,2962,10069,13.57,7,50,Yes,2024-07-09 17:42:00
12620,2963,10044,31.76,60,5,Yes,2023-11-19 00:35:00
12621,2963,10120,35.01,45,100,No,2023-05-31 04:21:00
12622,2964,10133,7.98,45,50,Yes,2024-06-24 09:48:00
12623,2965,10084,21.69,21,50,Yes,2024-04-04 22:50:00
12624,2965,10099,24.43,60,5,No,2023-08-19 07:56:00
12625,2965,10036,28.85,45,50,No,2023-04-01 05:26:00
12626,2966,10023,523.86,14,50,Yes,2024-03-17 15:54:00
12627,2967,10041,323.77,45,25,Yes,2024-02-22 08:33:00
12628,2968,10042,12.33,7,10,Yes,2024-07-15 16:58:00
12629,2969,10067,381.87,21,50,Yes,2024-10-18 05:32:00
12630,2969,10047,237.37,45,5,No,2023-07-07 06:43:00
12631,2970,10061,25.61,14,10,Yes,2024-04-28 16:15:00
12632,2970,10127,34.22,30,5,No,2024-10-26 09:41:00
12633,2971,10092,24.21,45,10,Yes,2023-03-05 20:49:00
12634,2971,10037,16.58,45,25,No,2023-03-26 19:40:00
12635,2972,10115,86.51,45,25,Yes,2024-09-24 10:02:00
12636,2973,10029,887.09,60,50,Yes,2023-07-05 12:42:00
12637,2974,10012,588.84,30,100,Yes,2024-03-30 17:57:00
12638,2974,10142,418.66,60,10,No,2024-06-25 03:41:00
12639,2975,10139,669.7,7,10,Yes,2023-12-27 09:36:00
12640,2976,10111,888.85,60,50,Yes,2024-06-03 02:58:00
12641,2976,10005,944.16,7,50,No,2023-07-14 09:57:00
12642,2977,10035,33.72,7,50,Yes,2024-06-28 07:47:00
12643,2978,10093,47.07,14,25,Yes,2024-07-18 06:49:00
12644,2979,10096,74.93,21,100,Yes,2023-12-02 12:10:00
12645,2979,10136,44.66,45,100,No,2024-07-14 06:02:00
12646,2979,10133,43.78,45,50,No,2023-09-15 12:39:00
12647,2980,10150,71.15,60,10,Yes,2023-04-22 20:52:00
12648,2980,10035,50.75,7,50,No,2024-05-09 21:00:00
12649,2980,10086,49.4,30,100,No,2023-04-29 02:32:00
12650,2981,10001,815.2,21,100,Yes,2023-07-18 22:14:00
12651,2981,10112,700.76,21,10,No,2023-08-13 11:30:00
12652,2982,10038,33.97,7,100,Yes,2024-05-29 08:56:00
12653,2983,10090,31.53,45,100,Yes,2024-10-07 00:52:00
12654,2983,10014,32.87,7,10,No,2024-01-17 10:10:00
12655,2984,10034,78.43,45,25,Yes,2023-07-31 04:54:00
12656,2985,10046,253.07,7,50,Yes,2023-03-12 04:18:00
12657,2985,10080,410.24,21,5,No,2023-10-07 14:46:00
12658,2986,10143,18.05,30,50,Yes,2024-10-27 05:12:00
12659,2987,10125,5.87,45,100,Yes,2023-02-01 09:41:00
12660,2988,10117,180.03,30,25,Yes,2023-12-18 06:36:00
12661,2988,10017,238.34,30,10,No,2024-04-11 02:03:00
12662,2988,10061,152.48,60,5,No,2023-02-17 19:29:00
12663,2989,10008,459.8,14,100,Yes,2023-12-19 01:07:00
12664,2990,10126,13.03,21,50,Yes,2023-10-20 07:10:00
12665,2991,10005,238.03,30,10,Yes,2023-06-27 15:39:00
12666,2992,10086,50.27,21,100,Yes,2023-03-28 15:52:00
12667,2992,10064,34.33,7,50,No,2024-02-08 21:53:00
12668,2993,10137,199.99,30,5,Yes,2024-02-16 08:21:00
12669,2994,10018,47.45,21,25,Yes,2023-06-04 01:16:00
12670,2994,10030,27.71,7,100,No,2023-09-30 03:19:00
12671,2995,10047,209.23,14,5,Yes,2024-07-02 05:08:00
12672,2996,10056,29.12,7,5,Yes,2023-06-03 20:21:00
12673,2997,10088,1040.97,21,10,Yes,2024-12-20 14:10:00
12674,2998,10141,680.26,60,5,Yes,2023-03-17 13:59:00
12675,2998,10135,536.83,14,50,No,2024-10-23 14:10:00
12676,2998,10138,740.94,60,5,No,2023-07-11 14:01:00
12677,2999,10104,996.43,30,5,Yes,2024-06-30 11:55:00
12678,2999,10107,982.19,7,50,No,2023-06-21 14:59:00
12679,3000,10092,244.15,30,10,Yes,2023-07-11 19:34:00
